time,state,smoothing,residuals,variance,ac1,dominant_eigenvalue,R_squared,variance_rolling_avg,ac1_rolling_avg,dominant_eigenvalue_rolling_avg
0.0,181.006822724667,185.31373497070317,-4.306912246036177,,,,,,,
1.0,186.52288481124316,185.26456307200755,1.2583217392356119,,,,,,,
2.0,182.48778358827104,185.21526269424194,-2.7274791059709003,,,,,,,
3.0,184.2687604466123,185.16583326096045,-0.8970728143481494,,,,,,,
4.0,185.0934603063461,185.11627556050396,-0.022815254157876552,,,,,,,
5.0,184.3560304737924,185.0665912934324,-0.7105608196399942,,,,,,,
6.0,183.1894862971507,185.01678244208065,-1.82729614492996,,,,,,,
7.0,183.5411118282767,184.96685169700552,-1.4257398687288116,,,,,,,
8.0,186.87326239387264,184.91680310375875,1.9564592901138838,,,,,,,
9.0,184.3454660024352,184.86664157599407,-0.5211755735588781,,,,,,,
10.0,180.32407251838055,184.81637137146066,-4.492298853080115,,,,,,,
11.0,187.29008994826188,184.76599726129388,2.524092686968004,,,,,,,
12.0,184.824043086464,184.71552546010713,0.10851762635687123,,,,,,,
13.0,187.74866347459977,184.66496148683123,3.083701987768535,,,,,,,
14.0,183.5580383561004,184.6143102793356,-1.0562719232351867,,,,,,,
15.0,185.9841199934426,184.5635756514757,1.4205443419668882,,,,,,,
16.0,186.90932689900123,184.51276151551372,2.3965653834875127,,,,,,,
17.0,185.00462528309177,184.46187100243372,0.5427542806580448,,,,,,,
18.0,186.6129084340656,184.4109059343887,2.202002499676894,,,,,,,
19.0,180.7979987739945,184.35986732207783,-3.561868548083339,,,,,,,
20.0,184.03522484586117,184.3087553919697,-0.2735305461085318,,,,,,,
21.0,185.2660704929281,184.25757143593748,1.0084990569906154,,,,,,,
22.0,184.09992148672825,184.20631706736168,-0.10639558063343202,,,,,,,
23.0,184.6872761226848,184.1549934251752,0.5322826975096007,,,,,,,
24.0,181.5102025202292,184.10360145492382,-2.593398934694619,,,,,,,
25.0,186.03117634423737,184.05214205459305,1.9790342896443178,,,,,,,
26.0,182.2409269099737,184.00061686012333,-1.7596899501496353,,,,,,,
27.0,183.9281096911029,183.94902704715287,-0.020917356049977798,,,,,,,
28.0,182.23912470536652,183.89737429864695,-1.6582495932804306,,,,,,,
29.0,185.44046606120068,183.8456606548525,1.594805406348172,,,,,,,
30.0,186.35376910835424,183.79388872119205,2.5598803871621953,,,,,,,
31.0,185.46331964550276,183.74206030068544,1.7212593448173266,,,,,,,
32.0,184.4657023566066,183.69017566519727,0.7755266914093397,,,,,,,
33.0,187.2516772040102,183.63823374432602,3.6134434596841913,,,,,,,
34.0,181.56791746049285,183.58623227017048,-2.0183148096776335,,,,,,,
35.0,184.55754522947367,183.5341673562057,1.0233778732679752,,,,,,,
36.0,182.1385935158046,183.4820350658952,-1.3434415500906027,,,,,,,
37.0,179.60877087472275,183.4298308266518,-3.821059951929044,,,,,,,
38.0,185.1316992816783,183.37755039939745,1.7541488822808446,,,,,,,
39.0,181.5163179244118,183.32519046484603,-1.808872540434237,,,,,,,
40.0,187.588612804078,183.27274699579604,4.315865808281956,,,,,,,
41.0,182.0798710331453,183.22021580234812,-1.1403447692028124,,,,,,,
42.0,184.8139251514804,183.16759095770243,1.6463341937779603,,,,,,,
43.0,181.8568195062808,183.11486580468855,-1.2580462984077485,,,,,,,
44.0,185.2657321419662,183.06203223519373,2.2036999067724707,,,,,,,
45.0,180.7930725759145,183.009081263698,-2.2160086877835,,,,,,,
46.0,184.54634798820476,182.95600184620653,1.590346141998225,,,,,,,
47.0,177.54274310551267,182.9027820138917,-5.360038908379039,,,,,,,
48.0,183.99489950300176,182.84940756306042,1.145491939941337,,,,,,,
49.0,181.76212271621895,182.79586318428932,-1.0337404680703628,,,,,,,
50.0,183.5506459327684,182.74213030115254,0.8085156316158475,,,,,,,
51.0,184.75634842387697,182.68818658869026,2.0681618351867144,,,,,,,
52.0,182.1314304277724,182.63400333325882,-0.5025729054864314,,,,,,,
53.0,181.18818611588372,182.57954246370474,-1.3913563478210165,,,,,,,
54.0,185.16738805729867,182.52475580075821,2.642632256540452,,,,,,,
55.0,180.05139528267796,182.4695825730792,-2.4181872904012494,,,,,,,
56.0,183.06633121718863,182.41394379398125,0.6523874232073865,,,,,,,
57.0,183.98717890880133,182.35774193198637,1.629436976814958,,,,,,,
58.0,182.3930801645403,182.30085803268625,0.09222213185404371,,,,,,,
59.0,182.0879927714277,182.24315429132977,-0.15516151990206595,,,,,,,
60.0,182.0257921188118,182.18449063880516,-0.15869851999335083,,,,,,,
61.0,183.2637139912922,182.12476160050795,1.1389523907842545,,,,,,,
62.0,180.90726131475347,182.06396609162113,-1.156704776867656,,,,,,,
63.0,184.33670464761377,181.99851128384134,2.338193363772433,,,,,,,
64.0,181.27158960412743,181.93261278136077,-0.6610231772333464,,,,,,,
65.0,183.2838450796614,181.86633095396235,1.417514125699057,,,,,,,
66.0,179.6238462876927,181.7997282129189,-2.175881925226207,,,,,,,
67.0,180.49993035317863,181.73285366591315,-1.2329233127345276,,,,,,,
68.0,186.8468892793445,181.66575834944945,5.181130929895062,,,,,,,
69.0,183.28652347377272,181.5984933703926,1.6880301033801288,,,,,,,
70.0,182.57032180500457,181.53108863794614,1.039233167058427,,,,,,,
71.0,178.93981361905375,181.46356447782105,-2.5237508587673005,,,,,,,
72.0,183.1868998885595,181.3959488390065,1.7909510495530014,,,,,,,
73.0,181.33271740945327,181.32826894412966,0.004448465323605433,,,,,,,
74.0,181.87691943986127,181.26053919004997,0.6163802498113,,,,,,,
75.0,179.66259026513666,181.19279179689238,-1.530201531755722,,,,,,,
76.0,182.8471632830592,181.125067054025,1.7220962290341788,,,,,,,
77.0,177.58870113148893,181.05740284122888,-3.468701709739946,,,,,,,
78.0,183.03276377171645,180.98980034804222,2.042963423674223,,,,,,,
79.0,183.59425083564028,180.92224618298297,2.672004652657307,,,,,,,
80.0,181.0332494225905,180.854721565013,0.17852785757750667,,,,,,,
81.0,179.36776600383476,180.78720835945492,-1.4194423556201627,,,,,,,
82.0,179.05928197272925,180.7197081232687,-1.6604261505394504,,,,,,,
83.0,180.8327402254556,180.65219911118425,0.18054111427136377,,,,,,,
84.0,180.63479938089196,180.58464630570475,0.050153075187211016,,,,,,,
85.0,180.88812352577568,180.51702882797153,0.3710946978041534,,,,,,,
86.0,179.6453694895473,180.44933814205115,-0.8039686525038405,,,,,,,
87.0,178.80051592620535,180.38155111479514,-1.5810351885897944,,,,,,,
88.0,180.42380807122152,180.31362187018956,0.11018620103195076,,,,,,,
89.0,178.69415320195927,180.2455291909859,-1.5513759890266385,,,,,,,
90.0,180.86969439865467,180.17725360404393,0.6924407946107465,,,,,,,
91.0,183.04004681248983,180.10876396347376,2.931282849016071,,,,,,,
92.0,183.5676441086306,180.0400068358844,3.5276372727461762,,,,,,,
93.0,178.98398711304412,179.97094110413664,-0.9869539910925198,,,,,,,
94.0,182.29175700812996,179.9015572915263,2.390199716603661,,,,,,,
95.0,175.72996343203425,179.8318675448341,-4.1019041127998435,,,,,,,
96.0,179.7629275922109,179.76188715608433,0.0010404361265727857,,,,,,,
97.0,180.01583798224118,179.6916672120321,0.32417077020909346,,,,,,,
98.0,180.03081712269673,179.62125564717925,0.4095614755174779,,,,,,,
99.0,177.6987372682815,179.55069656992558,-1.8519593016440865,,,,,,,
100.0,177.04274496331024,179.4800202684931,-2.437275305182851,,,,,,,
101.0,181.0568850254029,179.4092471122267,1.6476379131761973,,,,,,,
102.0,177.1206086367437,179.33841354429637,-2.217804907552676,,,,,,,
103.0,183.46380321494289,179.26753682913576,4.196266385807121,,,,,,,
104.0,176.10472157767546,179.196642523136,-3.0919209454605436,,,,,,,
105.0,180.64516935001535,179.12577066191477,1.5193986881005799,,,,,,,
106.0,181.19575570749208,179.05497759048507,2.1407781170070166,,,,,,,
107.0,179.05900651559693,178.98430141271544,0.07470510288149512,,,,,,,
108.0,175.64850525192264,178.9137921379543,-3.265286886031646,,,,,,,
109.0,178.9997460269485,178.84348477956533,0.1562612473831564,,,,,,,
110.0,175.49029262854876,178.77341890111745,-3.283126272568694,,,,,,,
111.0,177.7813342693178,178.70361271327238,-0.9222784439545819,,,,,,,
112.0,182.79154640900288,178.63408699543717,4.157459413565704,,,,,,,
113.0,177.42959522143877,178.56485117351335,-1.1352559520745729,,,,,,,
114.0,177.34764018221557,178.49589578071138,-1.1482555984958083,,,,,,,
115.0,179.81433445804356,178.42721037587663,1.3871240821669346,,,,,,,
116.0,178.77945904947714,178.35877812178347,0.4206809276936667,,,,,,,
117.0,176.60185103246755,178.2905650163456,-1.6887139838780456,,,,,,,
118.0,180.69203493314015,178.22256017545035,2.4694747576897953,,,,,,,
119.0,175.65725344245945,178.1547639998867,-2.497510557427262,,,,,,,
120.0,177.47187215792576,178.0871779413251,-0.61530578339935,,,,,,,
121.0,178.8091790593286,178.01979714295769,0.7893819163709281,,,,,,,
122.0,177.85364384825823,177.95262096588965,-0.0989771176314207,,,,,,,
123.0,176.2946837844022,177.88564504703987,-1.590961262637677,,,,,,,
124.0,177.41357351078227,177.81885644043325,-0.4052829296509799,,,,,,,
125.0,179.30586435992254,177.75224430741628,1.5536200525062611,,,,,,,
126.0,179.23804947973517,177.6857859857446,1.55226349399058,,,,,,,
127.0,176.37840005038433,177.61946277278372,-1.2410627223993913,,,,,,,
128.0,177.42619485054342,177.5532488843842,-0.1270540338407784,,,,,,,
129.0,178.35663485167169,177.48713338449426,0.8695014671774288,,,,,,,
130.0,176.756321830816,177.42109232404428,-0.664770493228275,,,,,,,
131.0,178.66763721363827,177.35510519156796,1.3125320220703145,,,,,,,
132.0,177.6670572789381,177.28916873694908,0.377888541989023,,,,,,,
133.0,178.20948900557178,177.22329644606285,0.986192559508936,,,,,,,
134.0,178.74426434377136,177.15750243976862,1.586761904002742,,,,,,,
135.0,181.10965083090784,177.09178462316552,4.0178662077423155,,,,,,,
136.0,179.66729785666718,177.02613200145822,2.6411658552089534,,,,,,,
137.0,176.976058560479,176.96053021629226,0.0155283441867482,,,,,,,
138.0,173.73013571013684,176.8949547984565,-3.1648190883196605,,,,,,,
139.0,175.1900380552664,176.82938123994265,-1.6393431846762496,,,,,,,
140.0,174.77127804567874,176.76380121352238,-1.9925231678436433,,,,,,,
141.0,175.63969863562838,176.69820873538495,-1.0585100997565746,,,,,,,
142.0,178.53623827562626,176.63261540561837,1.9036228700078937,,,,,,,
143.0,174.09558261911468,176.56706035850277,-2.4714777393880922,,,,,,,
144.0,174.45678473785287,176.50157621994813,-2.0447914820952633,,,,,,,
145.0,176.90652417337523,176.43618742981113,0.47033674356410415,,,,,,,
146.0,177.96497813501216,176.37091510537005,1.5940630296421148,,,,,,,
147.0,173.5941886997828,176.30576191534178,-2.7115732155589853,,,,,,,
148.0,171.91270549354857,176.2407271373423,-4.328021643793733,,,,,,,
149.0,178.49778678826985,176.17580020632843,2.3219865819414167,,,,,,,
150.0,176.76542537027856,176.1109505896705,0.6544747806080693,,,,,,,
151.0,175.21270856862057,176.04612497077142,-0.8334164021508457,,,,,,,
152.0,174.08683642115898,175.98126428060596,-1.894427859446978,,,,,,,
153.0,177.03266353222625,175.916300208871,1.1163633233552446,,,,,,,
154.0,178.3134118086206,175.85116591848166,2.462245890138945,,,,,,,
155.0,177.1461760222825,175.78581560927654,1.3603604130059637,,,,,,,
156.0,173.61853095792023,175.7202269390472,-2.1016959811269658,,,,,,,
157.0,178.95622360022807,175.65437701534873,3.3018465848793426,,,,,,,
158.0,175.26080274376443,175.58826759131082,-0.3274648475463948,,,,,,,
159.0,174.86035553417815,175.52189156638383,-0.6615360322056745,,,,,,,
160.0,174.9350857325266,175.45523314198,-0.5201474094533864,,,,,,,
161.0,175.76311202603327,175.38828612180217,0.37482590423110196,,,,,,,
162.0,178.205803168315,175.32104504177823,2.8847581265367523,,,,,,,
163.0,173.5472065319596,175.25350621899713,-1.7062996870375287,,,,,,,
164.0,174.07774803118937,175.1856430866254,-1.1078950554360176,,,,,,,
165.0,179.73790443875646,175.11744692019593,4.620457518560528,,,,,,,
166.0,177.18072413705687,175.04889686424676,2.1318272728101135,,,,,,,
167.0,172.12983991218363,174.97998244941186,-2.850142537228237,,,,,,,
168.0,178.40738257482712,174.91067899192035,3.4967035829067754,,,,,,,
169.0,173.46136313768122,174.84097961005108,-1.379616472369861,,,,,,,
170.0,175.82622331771827,174.77090228657988,1.0553210311383907,,,,,,,
171.0,173.5170170056097,174.7004812099991,-1.1834642043894235,,,,,,,
172.0,175.41003227490265,174.62973360627356,0.7802986686290865,,,,,,,
173.0,174.64176906895818,174.55868056555968,0.08308850339849982,,,,,,,
174.0,172.22134445326014,174.48732507575767,-2.2659806224975227,,,,,,,
175.0,172.7054637127639,174.41567729378843,-1.710213581024533,,,,,,,
176.0,174.16678741589007,174.3437652939009,-0.1769778780108311,,,,,,,
177.0,172.08873850635098,174.271626598449,-2.182888092098011,,,,,,,
178.0,176.03763363075555,174.19928182874713,1.8383518020084182,,,,,,,
179.0,177.4428884599606,174.12676818371006,3.316120276250558,,,,,,,
180.0,175.23487934200134,174.0541120805717,1.1807672614296223,,,,,,,
181.0,169.79088632351136,173.98133470814375,-4.19044838463239,,,,,,,
182.0,174.8931696748295,173.90845300043142,0.9847166743980722,,,,,,,
183.0,174.13709639069296,173.83548253224765,0.3016138584453074,,,,,,,
184.0,172.8070647958794,173.7624220153792,-0.9553572194998026,,,,,,,
185.0,173.79971067039705,173.68927756242115,0.11043310797589356,,,,,,,
186.0,172.31879063067305,173.61604211902971,-1.2972514883566646,,,,,,,
187.0,173.701916515545,173.54270364283465,0.15921287271035567,,,,,,,
188.0,171.84721715686263,173.4692361861075,-1.622019029244882,,,,,,,
189.0,175.3039035469873,173.39562528811294,1.9082782588743612,,,,,,,
190.0,172.32061742322358,173.32185951685628,-1.0012420936326976,,,,,,,
191.0,177.3297051544853,173.24792824106922,4.081776913416093,,,,,,,
192.0,173.18046950086932,173.1738104694869,0.006659031382412195,,,,,,,
193.0,174.37365099472606,173.09947604654442,1.2741749481816385,,,,,,,
194.0,172.6198995645859,173.02487142741737,-0.4049718628314736,,,,,,,
195.0,173.7172642253471,172.94993622844132,0.7673279969057774,,,,,,,
196.0,171.1735143835015,172.87462279894686,-1.7011084154453613,,,,,,,
197.0,173.6778863006699,172.7988910923227,0.8789952083472201,,,,,,,
198.0,171.1857284016658,172.72271028572735,-1.5369818840615324,,,,,,,
199.0,173.95965855653336,172.6460880576864,1.313570498846957,,,,,,,
200.0,173.30340193851143,172.5690530454968,0.7343488930146407,,,,,,,
201.0,174.99990260574822,172.4916535307549,2.50824907499333,,,,,,,
202.0,172.91357702235396,172.41392343135323,0.4996535910007367,,,,,,,
203.0,174.82272168705595,172.33590049824048,2.486821188815469,,,,,,,
204.0,171.15239308422633,172.25760642263083,-1.1052133384044964,,,,,,,
205.0,172.42312289256938,172.1790542000488,0.24406869252058527,,,,,,,
206.0,174.88210992760213,172.10027475592562,2.781835171676505,,,,,,,
207.0,169.39102006507028,172.0212875441325,-2.630267479062212,,,,,,,
208.0,173.30845034699604,171.9420803070687,1.3663700399273466,,,,,,,
209.0,170.23524144255526,171.86264946634668,-1.6274080237914177,,,,,,,
210.0,169.8675378826818,171.7830002336347,-1.9154623509529074,,,,,,,
211.0,170.69784251713688,171.7031386712291,-1.0052961540922354,,,,,,,
212.0,171.94237100668,171.6230464040387,0.31932460264130214,,,,,,,
213.0,171.70251368632495,171.54272697937236,0.15978670695258756,,,,,,,
214.0,170.79812974983068,171.4621797553214,-0.6640500054907079,,,,,,,
215.0,171.50375007238728,171.38140584386997,0.12234422851730642,,,,,,,
216.0,172.18508089373685,171.3003800079594,0.8847008857774483,,,,,,,
217.0,169.68513121427833,171.21908562109513,-1.5339544068168038,,,,,,,
218.0,172.48638520956794,171.13750788562362,1.348877323944322,,,,,,,
219.0,171.72303495535348,171.05563741464061,0.6673975407128694,,,,,,,
220.0,169.03684298221836,170.97345561461574,-1.9366126323973845,,,,,,,
221.0,171.70010157882942,170.8909590920254,0.8091424868040065,,,,,,,
222.0,167.9827068472744,170.80813633798638,-2.825429490711997,,,,,,,
223.0,174.08134835726668,170.72496770879545,3.35638064847123,,,,,,,
224.0,166.5419074644313,170.64142748751465,-4.0995200230833575,,,,,,,
225.0,173.60949426210186,170.55747929420687,3.0520149678949906,,,,,,,
226.0,167.75695525336127,170.47311908758272,-2.7161638342214474,,,,,,,
227.0,171.12000110936134,170.38833988541464,0.731661223946702,,,,,,,
228.0,168.96484684986683,170.3031386972997,-1.3382918474328562,,,,,,,
229.0,170.80240694044446,170.2175338855178,0.5848730549266463,,,,,,,
230.0,170.17073674181407,170.13157326710675,0.03916347470732262,,,,,,,
231.0,171.65914583388042,170.04528328571297,1.6138625481674467,,,,,,,
232.0,168.16745484260622,169.9587058029185,-1.7912509603122828,,,,,,,
233.0,171.53556614712895,169.8718686919262,1.6636974552027368,,,,,,,
234.0,168.62896849847633,169.78481273156726,-1.1558442330909315,,,,,,,
235.0,174.06114132614564,169.6975913617954,4.3635499643502556,,,,,,,
236.0,168.17310982382904,169.61027262572588,-1.4371628018968465,,,,,,,
237.0,174.3285136183485,169.52293408182987,4.805579536518621,,,,,,,
238.0,166.31250711086355,169.43564271533185,-3.1231356044683025,,,,,,,
239.0,173.06070842706782,169.34844321332912,3.7122652137387036,,,,,,,
240.0,164.2493042585575,169.2613686499921,-5.01206439143462,,,,,,,
241.0,172.83788224861405,169.1744157284797,3.6634665201343637,,,,,,,
242.0,165.1047171652686,169.08759169315414,-3.982874527885542,,,,,,,
243.0,172.3979554615753,169.00090628826305,3.39704917331224,,,,,,,
244.0,162.66823116856713,168.91438841605176,-6.246157247484632,,,,,,,
245.0,171.906148120103,168.8280652267153,3.078082893387716,,,,,,,
246.0,165.69479818521646,168.74196479490698,-3.047166609690521,,,,,,,
247.0,173.22034781777893,168.65610204225288,4.564245775526047,,,,,,,
248.0,166.7404423958697,168.57048649594992,-1.8300441000802152,,,,,,,
249.0,170.58610962255764,168.48512871159417,2.1009809109634716,4.55030624768112,-0.3817052306290186,-0.5693251464018688,0.9512049530781106,4.55030624768112,-0.3817052306290186,-0.5693251464018688
250.0,166.659868756207,168.4000349864817,-1.7401662302746956,4.486862594732723,-0.3825451889272808,-0.5715091810061024,0.9498161533110994,4.546967108052257,-0.3817494389605061,-0.5694400955915654
251.0,172.06749711418146,168.3152004770879,3.752296637093565,4.53576840044326,-0.3841883336551716,-0.5754535734394893,0.9485342339088564,4.546377702388626,-0.38187780183917275,-0.5697565944256666
252.0,167.47342398048684,168.23061512614126,-0.7571911456544171,4.5070420789897225,-0.3884304633489743,-0.5781262978505943,0.9482835726507369,4.544307406420263,-0.3822226787607413,-0.5701971051322419
253.0,168.56061614554713,168.14626314600991,0.41435299953721483,4.50366325550262,-0.38879671299585994,-0.5797966164016125,0.9481243406684556,4.542168240582493,-0.38256868056258964,-0.570702342567472
254.0,165.9205860772863,168.06211123296484,-2.1415251556785506,4.523403229655348,-0.3887658756194544,-0.5816053034645214,0.9477994816041452,4.541180608428433,-0.3828948487234773,-0.5712761826146852
255.0,166.56030576872922,167.97812216502592,-1.4178163962967005,4.529858457926101,-0.386646870188563,-0.5822003538222175,0.9477375523499477,4.540584705770415,-0.38309232353742917,-0.5718511389940291
256.0,169.49428118434028,167.89426460473928,1.6000165796010037,4.524594393033905,-0.3914576063268447,-0.5825616959119362,0.9480557910903128,4.539743110363231,-0.3835326015789774,-0.5724148525160242
257.0,168.03205905278008,167.81051132628005,0.22154772650003451,4.515467135703856,-0.3893649075892482,-0.5833485348939815,0.9479864484170856,4.538465427486422,-0.38383956505320216,-0.5729903094832852
258.0,165.30676251026165,167.7268355009414,-2.4200729906797562,4.526507925718271,-0.38824773130160656,-0.5844183106434332,0.947849075967173,4.537836085288099,-0.38407157380311824,-0.5735917832285562
259.0,170.2326977235951,167.6432148392402,2.589482884354908,4.550354131427015,-0.3978337659472251,-0.58534972607418,0.9480996805162025,4.538494929821726,-0.38479589970543965,-0.5742106223256944
260.0,163.9345788469551,167.55960894470218,-3.6250300977470715,4.521470521761684,-0.39738670953051414,-0.5857972896178906,0.9486416038731487,4.537598908344882,-0.3854585739067594,-0.5748204469200205
261.0,170.18929620168436,167.47596860235197,2.7133275993323878,4.525314347243751,-0.4035150989304313,-0.5863011998243152,0.9492537736652502,4.536952352497455,-0.38640891732905797,-0.5754246970728782
262.0,165.07409683193472,167.39222176749075,-2.3181249355560283,4.5485114604423185,-0.4085264419920147,-0.5872538684766249,0.9498093124692361,4.537560726599816,-0.3875729975744767,-0.5760472850414966
263.0,171.7577855752332,167.30829446665004,4.4494911085831745,4.588918890727966,-0.41215649214856054,-0.5889748119136332,0.9501399667598854,4.540263787869719,-0.3888668657099548,-0.5767276811926617
264.0,166.18802979250688,167.2241145572927,-1.0360847647858122,4.588735315134032,-0.41198954933090426,-0.5907353436852003,0.9503793891212255,4.542814920883631,-0.39008384905842586,-0.5774649265870059
265.0,166.76700572721717,167.13964077635134,-0.3726350491341748,4.582376145059256,-0.4153059623559575,-0.5923427706364516,0.9505570604206124,4.544897090577085,-0.39141132870566436,-0.5782479710106609
266.0,167.94241443983572,167.05486081163673,0.8875536281989866,4.563392597290639,-0.41746009967332404,-0.5934066261370734,0.9508147566897432,4.545870538298852,-0.3927823166513307,-0.5790457949646827
267.0,167.33356998496748,166.96978229983162,0.36378768513586124,4.562845186234985,-0.4188776816390601,-0.5944152569545116,0.9510986769417694,4.546763940821806,-0.39415575691384275,-0.5798547140167789
268.0,162.12397722095417,166.88442293024403,-4.760445709289854,4.637636838518732,-0.41229300450869144,-0.5951209912766771,0.9512175682964201,4.551546724911118,-0.395110348892519,-0.5806582022936158
269.0,167.89461976734088,166.79881453419466,1.0958052331462227,4.589503876996208,-0.41571826511871307,-0.5959682709268369,0.9513621211818626,4.5535444697577026,-0.39619497606231874,-0.5814639953795748
270.0,165.58190043156768,166.71301029214442,-1.1311098605767427,4.594762916508024,-0.41624955619852716,-0.5967603878524363,0.9515198195042945,4.555713861691931,-0.3972504802800139,-0.5822690686676202
271.0,169.4784689512667,166.62704501270932,2.8514239385573887,4.622396787437949,-0.41750861934320244,-0.5976177636008152,0.9516631859338558,4.5592234893627746,-0.3983166981254449,-0.5830768947167357
272.0,161.58627508626668,166.5409634438008,-4.95468835753411,4.723166058274491,-0.42362187062412904,-0.5987576190331064,0.9517327476296313,4.5678520456212865,-0.3996485493095862,-0.5839021959965448
273.0,170.5844891848836,166.45479418365454,4.1296950012290665,4.788941322158496,-0.4336357176652627,-0.6000510084933323,0.9519177019405298,4.579488323333772,-0.40143734764409555,-0.5847521334963758
274.0,163.3481209550535,166.36855922332597,-3.0204382682724713,4.798778264309078,-0.437112727484297,-0.6014550032687028,0.9521298693881765,4.591029899174577,-0.4033149992146325,-0.5856312319054456
275.0,171.7769407983016,166.28227226203146,5.494668536270154,4.902403596101309,-0.44232588382606014,-0.6033001490861896,0.9523213317254627,4.607417988486511,-0.4053682036678655,-0.5865611749149585
276.0,161.27108119239725,166.1959396181242,-4.924858425726967,4.9890991563954445,-0.45532749311966386,-0.6055986373046286,0.9524688746098826,4.627506471008034,-0.40799763995480226,-0.587563146619678
277.0,168.44049618680117,166.1095706105328,2.3309255762683563,5.009666677979696,-0.4595605597940318,-0.6079648787535478,0.952616596455929,4.647620166111805,-0.41071147784107753,-0.5886369219951448
278.0,164.0258779595767,166.02316370588804,-1.9972857463113485,5.014835305134161,-0.4604474004940452,-0.6103836234365805,0.952753955504177,4.6669472786919295,-0.41332915798070746,-0.5897814852289046
279.0,165.9903172695836,165.93672429741875,0.05359297216486425,5.005455360683643,-0.464304465045463,-0.6125242974233791,0.9529649800922831,4.684763493533599,-0.41601206887885256,-0.5909784753444033
280.0,165.37223800158864,165.85025609497615,-0.47801809338750445,4.981454563946947,-0.4693225241985993,-0.6147230903608761,0.9531471882523465,4.700378813029039,-0.418817882316734,-0.5922281919242177
281.0,166.7893380117149,165.76375164188133,1.0255863698335759,4.974058827241064,-0.47112306604830967,-0.6167404532881554,0.9533292506659274,4.714783024303356,-0.42157078672365905,-0.5935183109433724
282.0,163.67534033024592,165.67721670319293,-2.0018763729470095,4.988695080370534,-0.47643639061599996,-0.6187183592083055,0.9535320763069557,4.7291994483068915,-0.42445845008641386,-0.5948446292731058
283.0,165.35113496487753,165.59066985523023,-0.2395348903527008,4.937405454412679,-0.4725087940752113,-0.6206637533595291,0.9536087257318966,4.740157659154565,-0.42698741555950853,-0.5962035305408123
284.0,165.43529987135702,165.50411584920005,-0.0688159778430304,4.920659992267326,-0.47180743078847986,-0.6226104278869133,0.9536246229089681,4.749657781949973,-0.42934636372945445,-0.5975933672432386
285.0,161.93520080373162,165.41756627772872,-3.482365473997106,4.965906490270285,-0.4686209185965735,-0.6243766679313634,0.9536629240175157,4.761039292914201,-0.431413445564566,-0.5990030146478768
286.0,167.8950509268162,165.33102293733813,2.5640279894780633,4.984447651359387,-0.47972543195767575,-0.6275479905736889,0.9538705918153094,4.7727976275692106,-0.43395618169051914,-0.600505381801867
287.0,164.9402901263234,165.24449946693798,-0.30420934061459093,4.925211541184968,-0.47723871878002283,-0.6304063427853932,0.9541531462568597,4.780819412496356,-0.4362342099583878,-0.6020791165904736
288.0,166.37339650667963,165.15800863841386,1.2153878682657648,4.918960919047171,-0.4759224234673293,-0.6329646821223881,0.9544796398607667,4.7880900181042945,-0.4383230633009637,-0.6037046726711008
289.0,164.4283699472575,165.07156603674582,-0.6431960894883275,4.907092303514997,-0.4739700330419416,-0.6354087302748889,0.9547610531158464,4.794353296283806,-0.4401992196031205,-0.6053733072818265
290.0,168.48152870967206,164.98516191590528,3.496366793766782,4.881659322568991,-0.4731666737735448,-0.6377810620627593,0.9550423612505025,4.798948350298816,-0.44193434876998494,-0.6070789785860861
291.0,160.11200844641496,164.8987935616223,-4.786785115207351,4.969435082570112,-0.47921751414104935,-0.6400120559141024,0.9554087537951931,4.807921336207832,-0.44389662063161994,-0.6088122984454554
292.0,166.54241125758475,164.81243787133485,1.7299733862498954,4.9705515660245005,-0.4799295008247225,-0.6423295781815618,0.9557662725098147,4.816480821987657,-0.44579308801020434,-0.6105763657999873
293.0,162.10411396200982,164.726083122771,-2.621969160761182,4.9920640197204005,-0.4806319669629634,-0.6447361651366261,0.9560750992225073,4.82572204292096,-0.4476267132182443,-0.6123742499755999
294.0,165.21526266230637,164.63970904675188,0.5755536155544974,4.974122446895805,-0.4783585794590467,-0.646905426764314,0.956445961054631,4.833532590498583,-0.4492441798624971,-0.6141916803329006
295.0,166.2488479293839,164.55330743664436,1.6955404927395534,4.9652473619927795,-0.47560607568061875,-0.6486994084153812,0.9568437194516646,4.8404649468930145,-0.4506316480634509,-0.616007876547768
296.0,164.97106678640168,164.46686012264402,0.5042066637576568,4.956354312013789,-0.4736324648911105,-0.650465623882819,0.9571373564452335,4.846564387162529,-0.45184221737016983,-0.6178214421969813
297.0,165.99099766603646,164.3803438116825,1.6106538543539557,4.849170149176831,-0.4735135990631896,-0.6524156711332331,0.9572964158903217,4.846701532531703,-0.45298281640664456,-0.619642191088363
298.0,165.01028137039285,164.2937398446171,0.7165415257757388,4.846144191942522,-0.4715673158481472,-0.6543450013234385,0.9573868711226696,4.846672198816483,-0.45396094795619735,-0.621468654784946
299.0,163.90332058066238,164.2070335170955,-0.30371293643312924,4.84191013979106,-0.47131524874139974,-0.6561159766318962,0.9574691399539208,4.846421564130935,-0.4548743322080501,-0.6232921980400487
300.0,165.1168620259681,164.12021370397125,0.9966483219968438,4.843190636913027,-0.47357125709806513,-0.657560884403829,0.9576089515843416,4.846251515329993,-0.45585838088647196,-0.6250958131118266
301.0,160.79217278635355,164.03328492314463,-3.241112136791088,4.870117575009065,-0.4738075228266999,-0.6589822132807874,0.9577618887946563,4.847507623734155,-0.4568030725675366,-0.6268793078575614
302.0,165.80607242220913,163.94623098172272,1.8598414404864059,4.882253724253107,-0.47707445289233213,-0.6604324823680569,0.9579556571836648,4.849336365866732,-0.4578699873214732,-0.6286452644107454
303.0,160.50814244058753,163.85905294797772,-3.350910507390182,4.920201307831732,-0.47790012950179733,-0.6620866122010005,0.9581316097739524,4.853066099654363,-0.458924205330964,-0.6304053353470747
304.0,164.81704185226602,163.77173590251985,1.0453059497461652,4.896963457759395,-0.4755281466771622,-0.663782460544675,0.9582502790973567,4.855376486923049,-0.45979809698076396,-0.6321620261469484
305.0,165.55229748545412,163.6842732157663,1.8680242696878224,4.88618057102713,-0.47316802332225993,-0.6654098227577214,0.958454369662415,4.856997754507475,-0.4605017773145269,-0.6339119101790943
306.0,163.64370956161056,163.59663286234394,0.04707669926662561,4.884701350836822,-0.4738715277213642,-0.6669207763405252,0.958644040796866,4.858455838524809,-0.461205448388571,-0.6356492189244328
307.0,161.89579126602854,163.50879368252825,-1.613002416499711,4.885471567675502,-0.47391848653850077,-0.6684198925135034,0.9587997261103101,4.859877719006424,-0.46187455565962,-0.6373739912185944
308.0,163.34160769587174,163.42072794125767,-0.07912024538592277,4.885505165648056,-0.47323625137184844,-0.6698429346016471,0.9589451810256331,4.861226531987563,-0.46247253964447416,-0.6390828829755972
309.0,164.23633416978248,163.3324322433875,0.9039019263949797,4.888411261396689,-0.4732088849613743,-0.6710726897121702,0.9591086017846591,4.862657307219622,-0.4630376104506268,-0.6407665570143642
310.0,164.2064336691705,163.24389445304408,0.9625392161264301,4.891696808196392,-0.4723009369940485,-0.6721940274568278,0.9591883704332683,4.864185702007873,-0.46352515395291216,-0.6424206344060729
311.0,162.73140799385942,163.15511173892304,-0.4237037450636194,4.887662678090117,-0.4718739394921177,-0.6731764182790186,0.9592278816765383,4.865421332327991,-0.4639645637181335,-0.64403935987307
312.0,164.9258707294313,163.06607121492866,1.8597995145026402,4.89523235257497,-0.4709226720979806,-0.6737940392525466,0.9592549726450892,4.8669903333936215,-0.4643307799486518,-0.6456053956298846
313.0,162.9889913709329,162.97677019679858,0.012221174134310786,4.874033282206193,-0.47011315095943323,-0.6740307184635016,0.9592684226622401,4.867361014910073,-0.4646351152650087,-0.6471014652527066
314.0,162.54882545633345,162.88719540997735,-0.3383699536439053,4.872643681787478,-0.4697471406634875,-0.6741700653807843,0.9592281310449821,4.867639050008885,-0.46490416923334976,-0.6485261284173423
315.0,160.40582927264592,162.79735256417618,-2.3915232915302624,4.888446778080906,-0.46663264263091714,-0.6742711121485648,0.9591481044549689,4.868734193591623,-0.46499514151743226,-0.6498811275610908
316.0,163.24557284334594,162.7072580735954,0.5383147697505422,4.870000700486249,-0.4700166553016364,-0.6745878673291799,0.9590729249278787,4.868800851849235,-0.46525943171660095,-0.6511814822857271
317.0,161.76472382797354,162.61692155552387,-0.8521977275503332,4.866709986837703,-0.47028768103009355,-0.6747545136314327,0.9590286503664291,4.868690806322312,-0.46552407641731114,-0.6524221681460274
318.0,162.92555195509811,162.52634277465265,0.3992091804454674,4.760491944556131,-0.4835055289620456,-0.6748787323534761,0.9590950688970179,4.86299612938725,-0.4664704686565077,-0.6536040925779985
319.0,163.5295005891199,162.43549759024293,1.0940029988769595,4.753921649935701,-0.4851309018315344,-0.674972908074601,0.9591705582062909,4.857255367310853,-0.46745259671835127,-0.6547287670778197
320.0,160.88440658140976,162.34436067865317,-1.4599540972434113,4.758300671999766,-0.48512282508370136,-0.6749261659823095,0.9593494948916292,4.852047225452376,-0.46838260873758025,-0.6557917880727928
321.0,162.75054312499853,162.25291605714207,0.49762706785645605,4.7335012983572,-0.4833794212693216,-0.6747451144111052,0.9595803720066971,4.845807966131577,-0.4691719146603035,-0.656789331564283
322.0,159.78994195061298,162.1611395167633,-2.371197566150329,4.743419309039298,-0.4838099711541812,-0.6746010791559626,0.9598170142222164,4.84041908944251,-0.4699423386862971,-0.6577267919638451
323.0,162.6376975146267,162.069028107187,0.5686694074396996,4.744720897414752,-0.4838134303621684,-0.6744049075485398,0.9599819577879866,4.8353823424936815,-0.47067239614292194,-0.6586045875209343
324.0,159.801632399309,161.97656824237046,-2.174935843061462,4.762078093271155,-0.483586892421891,-0.674380588770835,0.9601544012698165,4.831524224113549,-0.471352106473394,-0.6594349033761923
325.0,164.4943655594935,161.8837601223224,2.6106054371711025,4.780124841736082,-0.48488058317248367,-0.674435896638036,0.9603058931645634,4.828818993462104,-0.4720641315628198,-0.6602244293373419
326.0,164.45827332958123,161.79060769646932,2.667665633111909,4.796735804904258,-0.47420048651480123,-0.6743937698557984,0.9603982749895357,4.827130404590639,-0.47217657129713464,-0.6609701841014712
327.0,161.2392487450566,161.69712207550228,-0.4578733304456648,4.7488776456034545,-0.4710966873052121,-0.6744197368874083,0.9605194380972975,4.8230118383281555,-0.4721197352975598,-0.6616780553007311
328.0,164.22160845637117,161.60330006131989,2.6183083950512867,4.759542464060947,-0.47754754929903354,-0.6744058394429695,0.9606737604759406,4.819671344945672,-0.47240540971869,-0.6623479386766384
329.0,162.8021120209754,161.50914834917808,1.2929636717973096,4.73781856849195,-0.4748248052002375,-0.6743822365514777,0.9608111228318503,4.815363304079686,-0.472532746322982,-0.6629813227753142
330.0,162.12736990548763,161.4146743089245,0.7126955965631225,4.739646552461323,-0.47387656490151087,-0.6743059323924021,0.9609226717510444,4.811378211889247,-0.4726034736165888,-0.663577354860424
331.0,159.06173092574903,161.319892185963,-2.258161260213967,4.752161659893323,-0.47711941912279365,-0.6743444345207931,0.9610368619278135,4.808261551257883,-0.4728411549590206,-0.6641440432636014
332.0,162.55146048317775,161.2248062919121,1.3266541912656464,4.747599899133329,-0.4785969317116555,-0.6746190776559382,0.9611508864891383,4.805068832725012,-0.4731440905775804,-0.6646953608631981
333.0,159.52245304730164,161.12943656270426,-1.606983515402618,4.758208265082776,-0.47951813844475305,-0.6749220593790551,0.961296181934628,4.802602487059631,-0.47347956678111586,-0.6652336081535064
334.0,162.39661703353758,161.03379527100444,1.3628217625331445,4.765396756326896,-0.4804916971058096,-0.675175299216117,0.9614847496604096,4.800644290705277,-0.47384862627188923,-0.6657568550515386
335.0,162.30766624186876,160.93789679223306,1.3697694496356974,4.772143739439469,-0.4781761363727317,-0.6753524036539001,0.9616879712508336,4.799144261691287,-0.4740763899614073,-0.6662618839253471
336.0,158.3876212196274,160.84174717437722,-2.454125954749827,4.794106900112975,-0.48116914939636374,-0.6754418309463586,0.9619061360044922,4.798879137397692,-0.47444969308956286,-0.6667450390317161
337.0,162.83533129970513,160.74536973007326,2.0899615696318676,4.800664759445663,-0.4837785513348078,-0.6755320744256638,0.9621154116882209,4.79897311750548,-0.4749406856287863,-0.6672075145787659
338.0,157.7301625356992,160.6487816179406,-2.918619082241406,4.835637304328033,-0.4866418218095377,-0.675584809936037,0.9623618566086565,4.800902811548773,-0.47555653490145744,-0.6676484248607276
339.0,163.0245812716166,160.55202083033043,2.472560441286163,4.849382065214669,-0.4893867272677875,-0.6756617253932445,0.9626219984684331,4.803454351215399,-0.47628443976284324,-0.6680701775203337
340.0,158.38551642800024,160.45512593398124,-2.069609505980992,4.86549822890479,-0.4949033516988448,-0.6757630553459265,0.9629017086376604,4.80671981846221,-0.47726438249631703,-0.6684750658269439
341.0,159.66071314371663,160.35813826465636,-0.6974251209397266,4.83367474395228,-0.5054589210171662,-0.6759874227144309,0.9632169681420002,4.808138498751161,-0.4787483055763618,-0.6688704530315486
342.0,160.21351156946264,160.26110044981536,-0.0475888803527198,4.784013317539282,-0.5052152900344914,-0.6762110634444402,0.9635129930607426,4.806868752371589,-0.48014130475836864,-0.6692568009480167
343.0,161.49316836023937,160.16404587101093,1.329122489228439,4.78704443492691,-0.5043285190452752,-0.676469667846764,0.9637762124620598,4.805825367242922,-0.48141431603662693,-0.6696364255216349
344.0,157.67441580596514,160.06700693043905,-2.3925911244739098,4.787213838447473,-0.501940918417277,-0.676736095346912,0.9640292515569723,4.804845813095794,-0.48249466353034537,-0.6700100923545443
345.0,161.17285859788595,159.97001923116255,1.2028393667233956,4.725270187432999,-0.5064760338208287,-0.6770152152511119,0.9643465998293754,4.800657622271436,-0.4837568409140551,-0.6703787830333111
346.0,159.94474338322914,159.87311918407752,0.07162419915161422,4.725282276673027,-0.5061300515570245,-0.6772847300943778,0.9646657702373331,4.796690498818888,-0.48493437831631664,-0.6707422539312621
347.0,158.40503254468055,159.77633007789922,-1.3712975332186659,4.732572411545511,-0.5059462347742419,-0.6774855264782341,0.9650013548226477,4.7933158626466055,-0.48604026549831275,-0.6710971630126816
348.0,163.15114898385872,159.6796757327585,3.471473251100207,4.779940449273709,-0.5071749802637754,-0.6775983102596754,0.9653892021184649,4.792611893521717,-0.48715261890702133,-0.6714393286572603
349.0,158.81372578967262,159.58315138760497,-0.7694255979323543,4.7683458348483905,-0.5127689295535882,-0.6779189234990219,0.9657662979931956,4.79133473253891,-0.48850084578315645,-0.6717803599647215
350.0,156.112198629831,159.4867572683159,-3.374558638484899,4.79039637045943,-0.5063459964322117,-0.6779456844878746,0.9661189751606161,4.791285345061043,-0.48944006423836994,-0.6721048507290981
351.0,163.91020747689842,159.39048205375357,4.519725423144848,4.860912254731875,-0.5109731477844947,-0.6775863446907484,0.9665787801534088,4.794949919254245,-0.49057338442500814,-0.6723933504112902
352.0,155.31143571001525,159.29432930185484,-3.9828935918395985,4.90528054374983,-0.5152048885698637,-0.6770058716224217,0.967149930174089,4.800756794227697,-0.4918697793800006,-0.6726361146855604
353.0,164.07702458582995,159.19828996665453,4.878734619175418,4.930005688436925,-0.517881964241265,-0.6765301527593459,0.9677047127193165,4.80755936760713,-0.4932388417411198,-0.6728410640578649
354.0,156.32412450056816,159.1023748041799,-2.778250303611742,4.922537889986691,-0.5211100194872181,-0.6762356532740036,0.9682821623712771,4.813610868785002,-0.49470574583301974,-0.673019726648188
355.0,160.0510909125831,159.00657551134904,1.0445154012340652,4.917757406822049,-0.5255641032470797,-0.676022461306402,0.9687780109525975,4.819092265523794,-0.496329869907444,-0.6731777653144098
356.0,159.3351295128259,158.91088700567724,0.424242507148648,4.9004095898375235,-0.5260270978482281,-0.6758279251598007,0.9692445230741299,4.823372124698201,-0.4978928819043274,-0.6733172474115355
357.0,157.09319740370387,158.81528110413697,-1.722083700433103,4.912546055500034,-0.5281074062048439,-0.6755278687430266,0.9697604812567638,4.828065489477245,-0.4994831200254073,-0.6734335959026666
358.0,162.17030057042098,158.71973789901713,3.450562671403844,4.9160819886528335,-0.5318325228009761,-0.6752510348428363,0.9702518353310136,4.832697936802276,-0.5011857201714899,-0.6735292505837281
359.0,156.39136400952012,158.62424109008896,-2.2328770805688407,4.936692850327454,-0.5366011311166851,-0.6750283400804946,0.9707567608730123,4.838171353303602,-0.5030496891686055,-0.6736081500309264
360.0,160.09398796911145,158.52878954917614,1.5651984199353137,4.9016593758612785,-0.5430762518986183,-0.6749737229996021,0.9713442410791346,4.841512828175059,-0.505156350364922,-0.6736800222924357
361.0,159.49490686671422,158.43339215653023,1.0615147101839852,4.901903074424419,-0.5417755785278512,-0.6748208852213551,0.9719165710812041,4.844691262188183,-0.507083678162971,-0.6737400677097473
362.0,155.8486146381973,158.33807507095796,-2.4894604327606658,4.859779125835534,-0.5423243838795099,-0.6745737362455604,0.9725483676418317,4.8454853602748855,-0.508938452148052,-0.6737839450011059
363.0,160.0002087185708,158.2428602050469,1.7573485135239082,4.866134891180018,-0.5455989111758522,-0.6744042673029691,0.973271595308475,4.846572177690945,-0.5108679499916204,-0.6738165935433094
364.0,157.22775069639383,158.14778406209857,-0.9200333657047395,4.86415902701971,-0.5454965648053236,-0.6742532867618017,0.9739612882493262,4.847497801339827,-0.512690508666026,-0.6738395773969144
365.0,158.5026336113646,158.05285713956155,0.44977647180303393,4.857562676260758,-0.546440778630082,-0.6742574030104957,0.9745690514001135,4.848027531598824,-0.5144668386641341,-0.6738615682186818
366.0,154.84441215608027,157.95809951075913,-3.1136873546788593,4.8967351803471875,-0.5453972552039705,-0.6743514018434027,0.9751497442808543,4.850591092059265,-0.5160947553241255,-0.6738873489357724
367.0,159.384770366265,157.86349912937982,1.521271236885184,4.893732963508024,-0.5450739725500693,-0.6744624467947481,0.9757069353250802,4.852861716872358,-0.5176199772833857,-0.6739176172441396
368.0,156.93145530511978,157.76904181810428,-0.837586512984501,4.872923234204896,-0.543157985599787,-0.6746003637252813,0.9762437388797421,4.853917586205649,-0.518964082984249,-0.6739535512694628
369.0,160.486244302083,157.67473541749663,2.811508884586374,4.878060365776987,-0.5461690151041545,-0.6748086418947122,0.9767943533596396,4.8551882588146675,-0.5203959215168756,-0.6739985560392128
370.0,157.21755928520247,157.58058546897968,-0.3630261837772082,4.876972587553892,-0.5451596962810985,-0.6750194694115397,0.977317832579939,4.856334802432522,-0.5216992780834137,-0.6740522883219668
371.0,157.86558433816933,157.4865853518342,0.3789989863351195,4.875202983355313,-0.5452491685558957,-0.675200945698088,0.9778358544927981,4.857327864586353,-0.522938746003018,-0.6741127439733416
372.0,156.41743219961262,157.39271796928531,-0.9752857696726949,4.879298719774546,-0.5460745562713725,-0.6754603126783273,0.9783482339402371,4.858484225385732,-0.5241564202276683,-0.6741836686420252
373.0,158.2851850785587,157.29897348352802,0.9862115950306816,4.872042485329984,-0.5477014161793566,-0.6758074088897567,0.9788482052593025,4.859197818014377,-0.5253956305409151,-0.6742691286550637
374.0,156.0886096364867,157.20534313746467,-1.116733500977972,4.8766877972254425,-0.5480860421945237,-0.676184852498717,0.9793358860764244,4.860118343236013,-0.5265898627332103,-0.6743699562257823
375.0,157.2808341252045,157.1118216267285,0.16901249847600752,4.867639334998306,-0.5508015682039676,-0.6765416096075394,0.9798060528254601,4.860514184907713,-0.5278641630211449,-0.6744842537721906
376.0,158.53619693979402,157.01842243366218,1.5177745061318433,4.867226532817465,-0.5494391659808551,-0.6768000445296073,0.9802385335509233,4.860867466376647,-0.5289996894927087,-0.6746061374962652
377.0,153.73842576978686,156.92515834658815,-3.1867325768012904,4.9024643056145125,-0.5510714818540114,-0.6769320424987466,0.980662640810556,4.863056773704956,-0.5301613627748826,-0.6747285535490274
378.0,158.27650901683347,156.83203457473456,1.4444744420989082,4.910272124677097,-0.5520304102976912,-0.6768833878776112,0.9810914527285632,4.865541792177175,-0.5313123652760829,-0.6748419658821108
379.0,153.82998283295694,156.73903855012628,-2.9090557171693376,4.9423070173588854,-0.5528038481843578,-0.6769758939958973,0.9815346764409453,4.869582067186739,-0.5324434959554659,-0.6749542778880996
380.0,154.6658879112257,156.64616636575732,-1.9802784545316285,4.956551269991083,-0.5449089504221029,-0.6769328283365702,0.9819619190232599,4.874159393650126,-0.5330995725063417,-0.6750584121222297
381.0,157.95465919071344,156.55340510932902,1.4012540813844225,4.957501765797603,-0.5466137270834833,-0.6767817529645196,0.9824231443870244,4.878545834289468,-0.5338108437998755,-0.6751491142718239
382.0,154.80840490352512,156.4607477793706,-1.652342875845477,4.968206478241851,-0.5479591937332488,-0.6765967597772456,0.9828541322714486,4.8832648155501195,-0.5345554937963689,-0.6752253061405303
383.0,158.73657434137897,156.3681936163823,2.368380724996655,4.986628595055133,-0.5512804839353631,-0.6764154602819712,0.9833186590089159,4.888705014471436,-0.5354357564352634,-0.6752879458321851
384.0,154.55672897292033,156.2757459356917,-1.7190169627713772,4.98875817519817,-0.5619602406822936,-0.676386150691068,0.9837840170867175,4.89397097029916,-0.5368317819219492,-0.6753457460879159
385.0,156.70642283561023,156.18339106077866,0.5230317748315656,4.925037800895507,-0.5760004047340928,-0.6765143560243843,0.9842480506693242,4.8956060666463355,-0.5388932883857462,-0.6754072518740458
386.0,156.7057077841521,156.0911215510666,0.6145862330855039,4.8983676089525785,-0.5772916674784324,-0.6765540994811905,0.9847149275584043,4.895751410978244,-0.5409142557064139,-0.6754676122744219
387.0,155.49431359713378,155.99891663458146,-0.50460303744768,4.899323794848883,-0.5796847762239901,-0.6768549571040974,0.9852105582618833,4.8959394311819615,-0.5429548094178653,-0.6755406304233522
388.0,152.9585933281661,155.90672190087358,-2.948128572707475,4.894032360843381,-0.5836183096045449,-0.6775324400553007,0.9856208184539256,4.895839059058878,-0.5450949936382169,-0.6756454625092443
389.0,158.3493162069401,155.81448683738392,2.534829369556178,4.909295095456011,-0.5903910008463723,-0.6782530563585116,0.985997574364171,4.8965472715008325,-0.5474789940175935,-0.6757827042907848
390.0,153.8463200192627,155.72217309149158,-1.8758530722288924,4.907481524468292,-0.5948678592884411,-0.6788289177235611,0.9863829634207797,4.89712275849912,-0.5499731448213223,-0.6759430313135626
391.0,156.8731227825274,155.6297562290293,1.2433665534980776,4.909080761275111,-0.5950387843864547,-0.6792778852587854,0.9867342060367162,4.897752127066277,-0.5523450205879082,-0.6761185499422585
392.0,155.10089046459126,155.53721280751753,-0.4363223429262746,4.895402043338078,-0.5935824152803114,-0.6797359551284949,0.9870716747820949,4.897628438449003,-0.5545154097822453,-0.6763089396889026
393.0,157.78941185594311,155.44454533432213,2.344866521620986,4.892534918515911,-0.5998226716223379,-0.6801781873200093,0.9874308316769237,4.897360358452525,-0.5569000025106713,-0.6765125843010662
394.0,154.5767270518609,155.35174770211685,-0.7750206502559536,4.877920964089342,-0.6002096534569429,-0.6807952057041464,0.9877612919859977,4.896337232433411,-0.5591794578236329,-0.6767379854275442
395.0,153.98524606582075,155.25881392653386,-1.273567860713115,4.883855108687243,-0.6000255619853403,-0.6813889128523414,0.988096740322593,4.895680278552034,-0.5613292527795123,-0.6769827710814809
396.0,155.12692583581537,155.1657295006828,-0.03880366486743014,4.873856571698591,-0.5984614206983764,-0.682035679854341,0.9884099911652886,4.894531662401853,-0.5632835774068209,-0.6772487136484735
397.0,156.33039381589862,155.0724821479371,1.2579116679615083,4.850046596712275,-0.614717006688545,-0.6825841003735574,0.9887330920732763,4.8921903431550335,-0.5659906000005959,-0.6775295234761095
398.0,153.78100764180337,154.9790585860118,-1.1980509442084326,4.779724402587031,-0.6130770791271051,-0.6832214901159963,0.9890646170063783,4.886271083125139,-0.5684688357440963,-0.6778291006676825
399.0,156.39341646808214,154.88547305200788,1.507943416074255,4.767456984602818,-0.6163017375725041,-0.683881049121872,0.9893901803719718,4.8800177095187,-0.57098635689296,-0.6781476242705347
400.0,155.65054772215333,154.79173241995588,0.8588153021974563,4.768637206124904,-0.6143826391526767,-0.6845714533030689,0.9896778560567608,4.874155577761132,-0.5732703717487346,-0.6784857205354049
401.0,153.6502485296612,154.6978640096181,-1.0476154799568747,4.770319932266868,-0.6172496886258106,-0.6851922107736357,0.9899754058654667,4.868690543787751,-0.5755850726370018,-0.6788386937058382
402.0,156.31317744541178,154.60387328523575,1.709304160176032,4.7663577288946355,-0.6172761930934869,-0.6856976539410475,0.9902960330170753,4.8633046061617975,-0.5777793421347116,-0.6791996916129545
403.0,152.8710570683621,154.50977749750422,-1.6387204291421256,4.773155777352836,-0.6221977023307578,-0.6861056537960656,0.990651088540919,4.858559930961326,-0.5801171505660825,-0.6795631633068024
404.0,155.0004251483917,154.41557216709637,0.5848529812953416,4.75073571529739,-0.6269051066684284,-0.6866201168782888,0.9910209255562991,4.8528849722421725,-0.5825796745714692,-0.6799345819158281
405.0,153.75437531732112,154.32126465879918,-0.5668893414780598,4.745045451857011,-0.6262830685139266,-0.6870895443609335,0.9913832092724821,4.847209208011375,-0.5848798532000197,-0.6803111588866232
406.0,156.5721493492015,154.22685838009988,2.345290969101626,4.74817486320807,-0.6240646120666347,-0.6875385863743778,0.991710012036315,4.841996874074359,-0.5869422089298416,-0.6806915498070313
407.0,152.2794772610964,154.1323624000842,-1.8528851389878014,4.7195356194988145,-0.6272962545128992,-0.6880286238536658,0.9920411970219306,4.835551544886172,-0.589066106065792,-0.6810777115989595
408.0,157.2535803241703,154.03777261863036,3.2158077055399303,4.759795871978792,-0.6291087037353462,-0.6885512262163336,0.9923662461590489,4.831564404206836,-0.5911736112062949,-0.6814710544735582
409.0,151.08634251063992,153.94308520834352,-2.856742697703595,4.791381846714554,-0.6324892748280422,-0.6890954639194794,0.9926936728264691,4.829449532759874,-0.5933481198179658,-0.6818723391812382
410.0,156.12793639854735,153.8482848506037,2.2796515479436437,4.810413737221204,-0.6343273221568245,-0.6897139066997561,0.9930077653857015,4.828447648784155,-0.5955049199410636,-0.6822850532611603
411.0,149.93522892281442,153.75337166543977,-3.818142742625355,4.8694293151467445,-0.6392862820333626,-0.6904403771495109,0.9933166764403578,4.8306045785927125,-0.5978092021564478,-0.6827142808342315
412.0,157.39338188588138,153.65835139934234,3.7350304865390456,4.89187045555163,-0.642405469438381,-0.6913875944386734,0.9936030448085725,4.833829098432656,-0.6001563741186549,-0.683170771023939
413.0,147.35366362790347,153.56324312407594,-6.209579496172466,5.035635899463473,-0.6502228507885129,-0.6925458974217411,0.9939088981543555,4.8444505090132255,-0.6027914518381211,-0.6836641987290865
414.0,160.0784779484123,153.4680336186226,6.610444329789715,5.204767986834297,-0.6631798651419193,-0.6940269280014605,0.9942081775028905,4.863414586793282,-0.6059697893804263,-0.6842096055328956
415.0,145.62791935498942,153.37272525453656,-7.744805899547146,5.361293808058795,-0.6902672554448169,-0.6961320879983462,0.9945271118334537,4.889618756333573,-0.6104064981206575,-0.6848371046100247
416.0,160.99536744095025,153.27729994531555,7.718067495634699,5.582261915711449,-0.7026372955233501,-0.6985217857704581,0.9948377838626087,4.926073659458725,-0.6152607506155361,-0.6855573509868896
417.0,146.49365223793083,153.18175680783676,-6.688104569905931,5.729395275910762,-0.7112638134591346,-0.7013471933935205,0.9951415252055987,4.968353744535148,-0.6203135433967781,-0.6863883953240808
418.0,157.86317042295283,153.08607730140957,4.77709312154326,5.771954237125931,-0.7169611497845303,-0.7044638378814235,0.9954177937400864,5.010648507303084,-0.6254002595224493,-0.6873397344060462
419.0,146.64048554636602,152.9902533435534,-6.349767797187383,5.925887064801854,-0.7220486494312779,-0.7079112239640918,0.9956576050569802,5.058818957697756,-0.6304870168860719,-0.6884224443827855
420.0,157.3089106934144,152.89426299365277,4.414647699761616,6.000006810280212,-0.7261345488413468,-0.7115226386122667,0.9958658711838833,5.108355160465254,-0.6355210975152968,-0.689638244079074
421.0,145.60473448963168,152.798092844935,-7.193358355303332,6.2013572231705485,-0.7300106476642472,-0.7153030626729318,0.9960464231872898,5.165881584818165,-0.6404942317336627,-0.6909890240050666
422.0,157.1264739845768,152.7017290557534,4.424744928823401,6.278183942588792,-0.7339321863330416,-0.7191448812814898,0.9962015956330329,5.224423814174514,-0.6454120188178406,-0.6924709112301415
423.0,145.61433547919248,152.60516468563833,-6.990829206445852,6.4727883836329285,-0.7387363264872394,-0.7231321784823912,0.9963443380746129,5.290127212567063,-0.6503238244846511,-0.6940846621381547
424.0,157.15165248264947,152.50839149133412,4.643260991315344,6.54037285956245,-0.7468651530672556,-0.7272766047832996,0.996479892057909,5.3559296150405045,-0.6554049470416303,-0.6958316064878992
425.0,147.6493547442626,152.4114210850678,-4.762066340805177,6.619173585705237,-0.751111814202104,-0.7314652116355846,0.9966148120359544,5.422416139812333,-0.6604421505763922,-0.697707059390409
426.0,157.81945125506846,152.3142394084349,5.505211846633557,6.741504022273085,-0.7561837890986916,-0.7358069532817645,0.9967345022345825,5.491841817836583,-0.6654811841828291,-0.6997123169636383
427.0,147.61389552591692,152.21685408369723,-4.602958557780312,6.807268422352932,-0.7590950545694354,-0.7401854701374716,0.9968439352478681,5.5610747970216545,-0.6704082299926506,-0.7018424829201559
428.0,150.9228427381554,152.11926321373687,-1.1964204755814762,6.798942582353045,-0.7578141852877424,-0.7443126626320433,0.9969581259059352,5.626225733091728,-0.6750085434292344,-0.7040777555365711
429.0,154.11304703510024,152.02147522805035,2.0915718070498883,6.77206190022808,-0.7632395297762898,-0.7482525621878174,0.9970931985508076,5.686532899783115,-0.6796522795527637,-0.706402745360321
430.0,150.80154234882443,151.92346553333974,-1.1219231845153104,6.770848726829612,-0.7645837509777009,-0.7520297275404313,0.9972252057015953,5.743602153838194,-0.6841223569961815,-0.7088041654750636
431.0,152.7991107042199,151.82521089180378,0.9738998124161355,6.7053993548937765,-0.7664096552932295,-0.755751270158663,0.9973571154956168,5.794223059156909,-0.6884532674328683,-0.711275065721569
432.0,150.4889674091663,151.72668336536734,-1.2377159562010434,6.70721899973111,-0.7670256220217764,-0.7594559833950869,0.9974857719250667,5.842275477081867,-0.6925886545164951,-0.7138109034938594
433.0,152.5833366501492,151.62788329782893,0.9554533523202622,6.710665361351367,-0.7672194412652368,-0.7630554874105743,0.9976118004706457,5.887980207832894,-0.6965165906611658,-0.7164027237000024
434.0,150.54041642005083,151.5288045294649,-0.9883881094140747,6.710916187424445,-0.7674783229116158,-0.7665815885016527,0.9977104732093733,5.9312926278113975,-0.7002514186743474,-0.7190437165842998
435.0,151.90578084781276,151.42945319179123,0.4763276560215388,6.711854211481692,-0.7677697706621793,-0.7700453797233218,0.9978074580231824,5.972374816425623,-0.7038050161473912,-0.7217280146442484
436.0,152.60515525511752,151.32982753670407,1.2753277184134504,6.712039245012665,-0.7671863722451305,-0.7734614229069403,0.9978951875879856,6.011304523193362,-0.7071408769946407,-0.7244508256054427
437.0,150.6814115569867,151.2299429693169,-0.5485314123302203,6.713053805568315,-0.7675821980682735,-0.7768455156188733,0.9979838359914524,6.048238695949939,-0.7103219991564108,-0.7272084408693076
438.0,151.75473889151692,151.12979966116558,0.6249392303513446,6.70429280860746,-0.7672191642376376,-0.7801972722343775,0.9980666681304136,6.08276785977402,-0.7133165867922648,-0.729997326730627
439.0,149.52317506535144,151.02792930258403,-1.5047542372325893,6.69833843358658,-0.7671241228834229,-0.7835354621015705,0.9981437819605173,6.115166311027312,-0.7161485623760101,-0.7328151233290977
440.0,153.6483195948735,150.92624496052943,2.722074634344068,6.724513390180213,-0.7690139424491284,-0.7868652932203315,0.9982137351793352,6.147237209930096,-0.7189309508009112,-0.735659869112847
441.0,149.35800500879725,150.8247196609691,-1.466714652171845,6.665418543583573,-0.7731526557088183,-0.7900864222223624,0.9982838675348517,6.174509911701333,-0.7217847247434326,-0.7385244245396637
442.0,151.48304276071715,150.72332063589263,0.7597221248245205,6.667906082472426,-0.7736331755873794,-0.7932652896200023,0.9983550365279596,6.200478131215601,-0.7245135905773246,-0.7414055227017868
443.0,150.5278624307496,150.6220178771053,-0.09415544635569972,6.661099583301468,-0.7736521258804784,-0.7963519381603745,0.998430202892702,6.224721365535911,-0.7270998292774906,-0.7442974393048705
444.0,152.67359457641203,150.52078486592006,2.1528097104919652,6.67960666004623,-0.7726277016014952,-0.799391189933526,0.9984985649539152,6.248662696825927,-0.7294960330840172,-0.7471971103905892
445.0,147.90086713671104,150.41959910243304,-2.5187319657219973,6.701971202011846,-0.7733450195412583,-0.8023715910451856,0.9985646227347222,6.272521039204134,-0.7318038744765036,-0.7501010304250417
446.0,154.168734519171,150.3184411337998,3.8502933853712022,6.750949782709003,-0.7741522944352117,-0.8052879541237704,0.9986274108205542,6.297701499388602,-0.7340327386848566,-0.7530056053565538
447.0,149.76025532178917,150.2172968954876,-0.457041573698433,6.748520397100586,-0.771569089378162,-0.8081166146753278,0.9986854868110261,6.3214288097944955,-0.7360083360897675,-0.7559061847943841
448.0,147.9289654757875,150.11615344299585,-2.1871879672083594,6.7581439923169455,-0.769604921349706,-0.8107612020681494,0.9987394395284488,6.344413819400941,-0.737776577419238,-0.7587932909666876
449.0,150.19822816898298,150.01500108713637,0.18322708184660996,6.751140943557335,-0.7699326842165063,-0.8131974019282254,0.9987951563439544,6.3658205101460155,-0.7394690040927785,-0.7616566652278212
450.0,148.77210327842008,149.9138343565015,-1.1417310780814205,6.7537740347872495,-0.7725537447251897,-0.8154830661491029,0.9988468841066818,6.38623911670608,-0.7412103062313264,-0.7644896336973623
451.0,152.64422583955036,149.8126497489698,2.831576090580569,6.760791068738937,-0.7746394212754607,-0.8175626998162315,0.9988924398901414,6.405952377339389,-0.7429697333389125,-0.7672829529667766
452.0,144.96087786121274,149.71144517641727,-4.750567315204535,6.848655016364016,-0.7780192285024862,-0.8192539963121432,0.9989237374070806,6.429252516235422,-0.7448144436106795,-0.7700182710375854
453.0,154.5494384875347,149.6102181147808,4.939220372753908,6.922729885357521,-0.7812069681822853,-0.820777756649293,0.9989501205849556,6.455225009347112,-0.7467298396407641,-0.7726898229118858
454.0,144.54259634481517,149.50896798474656,-4.9663716399313955,7.015319082989475,-0.7843926962702039,-0.8220974947029758,0.9989777451139562,6.484703644801974,-0.74871209525284,-0.7752902266903643
455.0,151.9053811026104,149.40769355853072,2.4976875440796675,7.04110301924928,-0.7869857630951331,-0.8232767356698215,0.9990062954632609,6.513987822404465,-0.7507264988234871,-0.7778158324261253
456.0,146.59110788773916,149.30639519876408,-2.715287311024923,7.036983358551196,-0.7869376650069914,-0.8242566897720107,0.9990352296976813,6.541513903254294,-0.7526323496752505,-0.7802600880759087
457.0,150.6161312823584,149.20507280582615,1.4110584765322471,7.0192384031106725,-0.7869458050271256,-0.8250961036195219,0.9990648069584854,6.566657297983577,-0.7544383210095598,-0.7826198783676779
458.0,143.3505607938372,149.10372750676166,-5.753166712924468,7.140716645507773,-0.7837552657635877,-0.8257922651391006,0.9990915254598541,6.596870947853271,-0.755981318101877,-0.7848921092503843
459.0,153.50388821464557,149.00236037987455,4.501527834771025,7.214959874021485,-0.7895103827724563,-0.8264045219666832,0.9991208550856906,6.629401943967388,-0.757746005716118,-0.787076973077558
460.0,142.26904860554745,148.90097352189386,-6.6319249163464065,7.374275552279374,-0.7940624866045334,-0.8268606454453776,0.9991541239784779,6.6686058180890715,-0.7596573994470873,-0.7891708505706011
461.0,153.1424926184124,148.79956786864753,4.342924749764876,7.448841525197075,-0.7962751092573629,-0.8272148703424325,0.9991852937762427,6.709670855305283,-0.7615846473318387,-0.7911731674006975
462.0,145.82410556575178,148.69814478661291,-2.8740392208611354,7.479997399745794,-0.7971655314042062,-0.8274624626471221,0.999216805940125,6.750214357644258,-0.7634573254409107,-0.7930831303084042
463.0,150.31274956358072,148.5967045862474,1.7160449773333255,7.492545842859876,-0.7974978536442979,-0.8275949667038147,0.9992463830211012,6.789284435813501,-0.7652489321884574,-0.794899542750268
464.0,145.1924169942855,148.4952484701547,-3.3028314758691977,7.5331411414833775,-0.7976972147244912,-0.8276876560908045,0.9992734525571019,6.828434788743494,-0.7669567365324591,-0.7966252329260858
465.0,151.7146049949418,148.39377742563627,3.3208275693055214,7.579091036492581,-0.79916871426177,-0.8279351630527745,0.999298712516489,6.867943012309237,-0.7686521037813703,-0.7982731239853852
466.0,147.17752569791807,148.29229337365948,-1.1147676757414047,7.579900965956728,-0.7982930702826454,-0.8283021523725955,0.9993151489754734,6.905414483553842,-0.7702121546498585,-0.7998535991636594
467.0,148.6667904335947,148.19079717797177,0.4759932556229387,7.5724036246868,-0.7980769180220476,-0.8287635041571566,0.9993274979788171,6.940519175192419,-0.7716787211431317,-0.8013751731106856
468.0,147.8663987297679,148.089289905005,-0.22289117523709479,7.564491788431024,-0.7991440630748194,-0.8292242584090861,0.9993378764656605,6.973359839047083,-0.7731242654553259,-0.8028409144421804
469.0,148.0947656748659,147.98777252751137,0.10699314735452958,7.562442984815226,-0.7992741444369066,-0.8296615708643237,0.9993483703718672,7.004364215140144,-0.774500574875409,-0.8042525279380827
470.0,145.58477933150067,147.88624606030442,-2.301466728803746,7.568448337444467,-0.7984481382747355,-0.8300788089954373,0.9993582991627301,7.034052853156162,-0.7757609729490578,-0.8056118058884697
471.0,152.0686244054582,147.78471177949024,4.283912625967957,7.641296465157172,-0.7990403269266872,-0.830470087498062,0.9993685594542047,7.066013043261479,-0.7769862021057752,-0.8069201364995009
472.0,141.74178839092417,147.68317169068212,-5.941383299757945,7.749429433431454,-0.8003421526125479,-0.8307768780675443,0.9993813006302582,7.101982326954635,-0.7782154626587633,-0.8081757544767664
473.0,151.51365616409848,147.58162677226045,3.9320293918380287,7.766593325900336,-0.800680436721782,-0.8310971736933497,0.9993944404784368,7.136961853214936,-0.7793978297147117,-0.8093821449618498
474.0,143.6428144700291,147.48007859856307,-3.837264128533974,7.758373646235759,-0.8011069205994512,-0.83144553594199,0.9994072145406023,7.169667737058138,-0.7805404134454875,-0.8105433760660677
475.0,149.1547317934642,147.3785278632989,1.776203930165309,7.732935067273914,-0.800244623606308,-0.8318104205116951,0.9994189833276491,7.199313386016863,-0.7815774771381624,-0.8116626941947851
476.0,145.2831090972006,147.2769762298033,-1.993867132602702,7.719675007642378,-0.8011065951523887,-0.832199198409096,0.9994301822025834,7.226700839786627,-0.7826053254547006,-0.8127435628376437
477.0,148.8790079875943,147.17542501129387,1.7035829763004244,7.729695985946275,-0.8013960808876661,-0.8326008893024596,0.9994401178213539,7.253174268531872,-0.7835943125827515,-0.8137886852831604
478.0,145.15904163240305,147.07387607928095,-1.9148344468779044,7.736926253570316,-0.8017285716124333,-0.8329991412261571,0.9994474591778358,7.278634899323369,-0.7845487472685242,-0.8147997619117392
479.0,148.86767374026692,146.97233082919035,1.8953429110765683,7.750650734269378,-0.8022243590201883,-0.8334021331757467,0.9994546784724775,7.3034778380047385,-0.7854790426238749,-0.815778834083529
480.0,142.51270862162573,146.8707911673162,-4.358082545690479,7.8244507252914675,-0.8026524951757467,-0.833836234780634,0.9994614452339862,7.330897463651409,-0.7863829085476577,-0.816729223593903
481.0,151.18153870032842,146.7692585788437,4.412280121484713,7.893820381606148,-0.8042939029946061,-0.8342526257552558,0.9994701904650565,7.360524985649027,-0.7873255924659182,-0.8176515079181849
482.0,141.04977335060175,146.66773553371974,-5.617962183117982,8.005376080669171,-0.8062445282401303,-0.834675302386329,0.9994800890568893,7.394464516965877,-0.7883213259277188,-0.8185474971007187
483.0,150.31108258692117,146.56622354199513,3.744859044926045,8.051896661842028,-0.8075980159947733,-0.8351283499589913,0.9994904689676053,7.429066208801464,-0.7893358885628269,-0.8194201735669436
484.0,139.87692946602576,146.46472482182313,-6.587795355797368,8.217098895124614,-0.810380542611968,-0.8356587350727224,0.9995024919298692,7.470541613344787,-0.7904435019338343,-0.8202748346988267
485.0,151.52614418565076,146.36324054311098,5.1629036425397885,8.248289010033028,-0.8146428599803069,-0.8362740460972458,0.9995171640844427,7.511475686854695,-0.7917171523573329,-0.8211168984566382
486.0,140.7291043457872,146.2617722900287,-5.532667944241496,8.35959673246512,-0.8191431177662117,-0.8369839564124284,0.9995316943288103,7.556113636623665,-0.7931606242209581,-0.8219520067701008
487.0,150.22559438235572,146.16032062876874,4.065273753586979,8.33256308372959,-0.820250270990685,-0.8377084201725593,0.9995440729995111,7.596979396997662,-0.7945863951035753,-0.8227812916860198
488.0,138.94771018662965,146.05888693144078,-7.111176744811132,8.492622106819038,-0.8203824097967284,-0.8385251289930111,0.9995530705562095,7.64411848698826,-0.7959440800874256,-0.8236099147021773
489.0,151.24651345868253,145.95747140421057,5.289042054471963,8.551207995130714,-0.8217176081946614,-0.8393788372500721,0.9995609005889265,7.69186004004839,-0.7973005815667539,-0.8244398579941717
490.0,141.40158424725288,145.85607446181524,-4.454490214562355,8.530551581183834,-0.8221512025740206,-0.8401750029162475,0.9995681820100774,7.73600170010815,-0.798608508988189,-0.8252680235163863
491.0,147.29066548289526,145.75469547887622,1.535970004019049,8.484006535741333,-0.8201306424952753,-0.8408758623344186,0.9995721914603616,7.775370375667792,-0.7997412528569832,-0.8260894887173353
492.0,144.08618540030676,145.65333509557962,-1.5671496952728603,8.432558101765586,-0.8191815998608933,-0.8414925658865783,0.9995756181165926,7.80995920335715,-0.8007644290150837,-0.8269001769894009
493.0,150.4729765437016,145.55199366014864,4.920982883552966,8.484881466905513,-0.8167521025619168,-0.8420721164966751,0.9995790331105132,7.845481427754433,-0.8016058855175486,-0.8276987001213627
494.0,141.2923649409694,145.450671811018,-4.158306870048591,8.399458408890355,-0.8183572625181504,-0.8426287047373072,0.9995814521523351,7.874638110972113,-0.8024875369386331,-0.8284844898379914
495.0,148.22048316820738,145.34936897965213,2.8711141885552536,8.394339497210561,-0.8183751908624788,-0.8431042067904805,0.999587491201489,7.901990815510979,-0.8033237292504145,-0.8292539486249646
496.0,142.74522847523124,145.24808574049473,-2.5028572652634864,8.382661749408392,-0.8183257161446542,-0.8435553410559163,0.999591649354484,7.927289285716107,-0.804113307508006,-0.8300066534897516
497.0,148.22922205650315,145.1468218096486,3.0824002468545473,8.335895464925173,-0.8198865393256425,-0.8439881229024702,0.9995949054682641,7.948794874095531,-0.8049434776036711,-0.8307425203009473
498.0,140.11994057337017,145.04557763915528,-4.925637065785111,8.417023686355797,-0.820427768721011,-0.844414862999039,0.9995955697994736,7.973438495793441,-0.8057584402940575,-0.8314621172850575
499.0,149.3443932241889,144.94435272488943,4.400040499299479,8.479201554430025,-0.8220304473318969,-0.844833693812482,0.9995965351996591,8.000057604142736,-0.8066148617171017,-0.8321658844707115
500.0,143.785470913778,144.8431477298074,-1.0576768160294137,8.472139276900865,-0.8203427983142584,-0.8452398182138215,0.9995969204131591,8.024904007972111,-0.8073373846958996,-0.8328539862466647
501.0,148.5424576661956,,,,,,,,,
502.0,139.29347241745873,,,,,,,,,
503.0,151.41774965095345,,,,,,,,,
504.0,136.78146681247293,,,,,,,,,
505.0,149.4698690552264,,,,,,,,,
506.0,137.82113172096473,,,,,,,,,
507.0,149.85804899846752,,,,,,,,,
508.0,139.0508986099842,,,,,,,,,
509.0,148.0194918630958,,,,,,,,,
510.0,141.62934678920362,,,,,,,,,
511.0,146.3235112466028,,,,,,,,,
512.0,138.50804186413464,,,,,,,,,
513.0,148.2569822209528,,,,,,,,,
514.0,138.25596979737236,,,,,,,,,
515.0,149.78196702171687,,,,,,,,,
516.0,135.6241559503218,,,,,,,,,
517.0,151.72410444799868,,,,,,,,,
518.0,136.9903149996566,,,,,,,,,
519.0,148.35673479821926,,,,,,,,,
520.0,138.2378592902231,,,,,,,,,
521.0,143.8854023560462,,,,,,,,,
522.0,139.8264164411601,,,,,,,,,
523.0,144.29802912527217,,,,,,,,,
524.0,139.36473232277285,,,,,,,,,
525.0,145.66762931304908,,,,,,,,,
526.0,140.35531902592157,,,,,,,,,
527.0,142.96570817947023,,,,,,,,,
528.0,141.6155233037435,,,,,,,,,
529.0,147.18864365577724,,,,,,,,,
530.0,138.97520222105118,,,,,,,,,
531.0,145.3730297555763,,,,,,,,,
532.0,138.87161336442765,,,,,,,,,
533.0,143.94915385079733,,,,,,,,,
534.0,141.55441853649353,,,,,,,,,
535.0,144.48267859826134,,,,,,,,,
536.0,142.5097144386748,,,,,,,,,
537.0,138.80946119030278,,,,,,,,,
538.0,142.5154275057874,,,,,,,,,
539.0,140.61618213255196,,,,,,,,,
540.0,143.80656493811443,,,,,,,,,
541.0,138.7713107819258,,,,,,,,,
542.0,141.53227577144958,,,,,,,,,
543.0,140.63331627927724,,,,,,,,,
544.0,139.94513827289066,,,,,,,,,
545.0,140.6819000661582,,,,,,,,,
546.0,139.156372577108,,,,,,,,,
547.0,140.86672934609572,,,,,,,,,
548.0,136.72803618190937,,,,,,,,,
549.0,142.2322465907486,,,,,,,,,
550.0,137.0213355305015,,,,,,,,,
551.0,144.90287090447725,,,,,,,,,
552.0,134.5930255406505,,,,,,,,,
553.0,146.3917910425935,,,,,,,,,
554.0,133.55009219708057,,,,,,,,,
555.0,144.9129647978177,,,,,,,,,
556.0,132.52384793626268,,,,,,,,,
557.0,146.05754346727605,,,,,,,,,
558.0,133.17219608017737,,,,,,,,,
559.0,146.71897119922423,,,,,,,,,
560.0,131.4686994559882,,,,,,,,,
561.0,146.9885416087684,,,,,,,,,
562.0,130.94221138306398,,,,,,,,,
563.0,147.96122955751392,,,,,,,,,
564.0,127.21738798306166,,,,,,,,,
565.0,147.03594641452517,,,,,,,,,
566.0,127.39907914151534,,,,,,,,,
567.0,148.11645459888362,,,,,,,,,
568.0,128.35961101121708,,,,,,,,,
569.0,150.40573061196795,,,,,,,,,
570.0,127.0463316387087,,,,,,,,,
571.0,150.1241872494214,,,,,,,,,
572.0,124.29812652352824,,,,,,,,,
573.0,149.57035882285012,,,,,,,,,
574.0,123.90674294372955,,,,,,,,,
575.0,148.89403068443613,,,,,,,,,
576.0,126.0327473983467,,,,,,,,,
577.0,147.7223966400999,,,,,,,,,
578.0,123.49357031799371,,,,,,,,,
579.0,150.0776238164609,,,,,,,,,
580.0,125.67279556172475,,,,,,,,,
581.0,148.43838641621863,,,,,,,,,
582.0,125.67168249866648,,,,,,,,,
583.0,150.07063383647832,,,,,,,,,
584.0,123.6599821626016,,,,,,,,,
585.0,148.76506263654804,,,,,,,,,
586.0,122.0597903659866,,,,,,,,,
587.0,149.002536367316,,,,,,,,,
588.0,122.98578007511792,,,,,,,,,
589.0,152.0967295946957,,,,,,,,,
590.0,120.5290176919845,,,,,,,,,
591.0,149.61892285352675,,,,,,,,,
592.0,119.54513812128056,,,,,,,,,
593.0,150.00983354191348,,,,,,,,,
594.0,120.39977357282218,,,,,,,,,
595.0,151.07154779383976,,,,,,,,,
596.0,118.48137817518482,,,,,,,,,
597.0,151.12130699715553,,,,,,,,,
598.0,118.29349641898484,,,,,,,,,
599.0,151.06588583924085,,,,,,,,,
600.0,116.87183855582724,,,,,,,,,
601.0,152.5720170274023,,,,,,,,,
602.0,118.02622847343856,,,,,,,,,
603.0,152.4376309630902,,,,,,,,,
604.0,114.87192736025008,,,,,,,,,
605.0,148.60213823714653,,,,,,,,,
606.0,118.17296784479151,,,,,,,,,
607.0,150.02802517605608,,,,,,,,,
608.0,118.05467435884924,,,,,,,,,
609.0,147.06987010186327,,,,,,,,,
610.0,123.1809993970371,,,,,,,,,
611.0,146.58799178296664,,,,,,,,,
612.0,119.16982346949244,,,,,,,,,
613.0,147.40127746785058,,,,,,,,,
614.0,118.31438376010853,,,,,,,,,
615.0,149.88650501425738,,,,,,,,,
616.0,115.48667645468464,,,,,,,,,
617.0,152.63199815092972,,,,,,,,,
618.0,114.06520008704912,,,,,,,,,
619.0,150.519169324605,,,,,,,,,
620.0,113.74382411479073,,,,,,,,,
621.0,150.71101785335256,,,,,,,,,
622.0,112.60872705591568,,,,,,,,,
623.0,150.4292659881842,,,,,,,,,
624.0,117.39753265943828,,,,,,,,,
625.0,145.63033518999,,,,,,,,,
626.0,117.46431187229346,,,,,,,,,
627.0,145.82008041272505,,,,,,,,,
628.0,117.31269750919228,,,,,,,,,
629.0,147.99639724748275,,,,,,,,,
630.0,117.27887695929664,,,,,,,,,
631.0,144.08619071328883,,,,,,,,,
632.0,118.77674647297884,,,,,,,,,
633.0,144.13575801156446,,,,,,,,,
634.0,117.90858531503144,,,,,,,,,
635.0,144.65630309719813,,,,,,,,,
636.0,115.88707278538136,,,,,,,,,
637.0,145.21531367748338,,,,,,,,,
638.0,115.89574682469012,,,,,,,,,
639.0,146.57009406523247,,,,,,,,,
640.0,113.86708578367912,,,,,,,,,
641.0,146.25895059855318,,,,,,,,,
642.0,115.62234409623304,,,,,,,,,
643.0,144.6761015911299,,,,,,,,,
644.0,113.48144814681328,,,,,,,,,
645.0,141.55972569802054,,,,,,,,,
646.0,117.98714122795391,,,,,,,,,
647.0,142.97777021756542,,,,,,,,,
648.0,119.51656991179944,,,,,,,,,
649.0,141.88762005326055,,,,,,,,,
650.0,118.99880178415876,,,,,,,,,
651.0,141.09036876528347,,,,,,,,,
652.0,117.18052287383976,,,,,,,,,
653.0,143.05780359427334,,,,,,,,,
654.0,115.32401058426008,,,,,,,,,
655.0,141.50147702247114,,,,,,,,,
656.0,116.86854215163532,,,,,,,,,
657.0,143.8695199770191,,,,,,,,,
658.0,113.1763856271936,,,,,,,,,
659.0,144.10237801750273,,,,,,,,,
660.0,112.72868043210111,,,,,,,,,
661.0,142.14027426395845,,,,,,,,,
662.0,113.9091034700036,,,,,,,,,
663.0,142.6401807570592,,,,,,,,,
664.0,113.55030030523504,,,,,,,,,
665.0,145.56266715106366,,,,,,,,,
666.0,113.15174914664648,,,,,,,,,
667.0,146.06039214859123,,,,,,,,,
668.0,110.76520619542173,,,,,,,,,
669.0,147.99054602573517,,,,,,,,,
670.0,106.04860031798644,,,,,,,,,
671.0,146.58794045278583,,,,,,,,,
672.0,106.5291063367779,,,,,,,,,
673.0,147.8050148853249,,,,,,,,,
674.0,106.94588001266018,,,,,,,,,
675.0,147.95149160306772,,,,,,,,,
676.0,106.1278331257317,,,,,,,,,
677.0,146.35709305096725,,,,,,,,,
678.0,106.7524176922994,,,,,,,,,
679.0,146.36171711788072,,,,,,,,,
680.0,107.73207354831798,,,,,,,,,
681.0,142.9333543641321,,,,,,,,,
682.0,110.5347479917284,,,,,,,,,
683.0,142.7116454942977,,,,,,,,,
684.0,109.79153222900192,,,,,,,,,
685.0,141.13916457432902,,,,,,,,,
686.0,111.57695640323242,,,,,,,,,
687.0,143.25745858860685,,,,,,,,,
688.0,106.81083413301224,,,,,,,,,
689.0,143.80758831962908,,,,,,,,,
690.0,108.55621351160404,,,,,,,,,
691.0,141.90328136637933,,,,,,,,,
692.0,107.99362674190242,,,,,,,,,
693.0,143.74991645578282,,,,,,,,,
694.0,107.5519635444377,,,,,,,,,
695.0,141.41825633352246,,,,,,,,,
696.0,109.58304973401977,,,,,,,,,
697.0,140.26867000455755,,,,,,,,,
698.0,108.07515236362346,,,,,,,,,
699.0,142.2213129313299,,,,,,,,,
700.0,109.0593870476212,,,,,,,,,
701.0,140.09951383117007,,,,,,,,,
702.0,109.94014580163363,,,,,,,,,
703.0,141.64483610428582,,,,,,,,,
704.0,106.15158454436748,,,,,,,,,
705.0,142.21374982848224,,,,,,,,,
706.0,104.89816068336228,,,,,,,,,
707.0,145.12182362747387,,,,,,,,,
708.0,104.60340308254894,,,,,,,,,
709.0,142.92728013047545,,,,,,,,,
710.0,103.46210644564422,,,,,,,,,
711.0,143.8754483140578,,,,,,,,,
712.0,104.59464712327878,,,,,,,,,
713.0,142.40656718119902,,,,,,,,,
714.0,104.76522535097811,,,,,,,,,
715.0,143.49981338353393,,,,,,,,,
716.0,103.5518227301864,,,,,,,,,
717.0,141.44659806169122,,,,,,,,,
718.0,104.7487007316823,,,,,,,,,
719.0,141.8955016956775,,,,,,,,,
720.0,104.83844231712791,,,,,,,,,
721.0,140.1252130360812,,,,,,,,,
722.0,105.04343138645685,,,,,,,,,
723.0,138.65740560176968,,,,,,,,,
724.0,107.4676415950236,,,,,,,,,
725.0,136.86064356686964,,,,,,,,,
726.0,105.95290567392716,,,,,,,,,
727.0,139.6514540817762,,,,,,,,,
728.0,105.93704422995808,,,,,,,,,
729.0,136.09292063691487,,,,,,,,,
730.0,104.9295694870264,,,,,,,,,
731.0,136.18696392067835,,,,,,,,,
732.0,108.1616292331591,,,,,,,,,
733.0,134.4316658506407,,,,,,,,,
734.0,107.80273030044324,,,,,,,,,
735.0,133.94425036318734,,,,,,,,,
736.0,109.05734817563412,,,,,,,,,
737.0,135.4704071255431,,,,,,,,,
738.0,106.66982328158976,,,,,,,,,
739.0,136.07822280562183,,,,,,,,,
740.0,103.09496358745002,,,,,,,,,
741.0,136.21553754944784,,,,,,,,,
742.0,104.26034584824136,,,,,,,,,
743.0,134.04732327757324,,,,,,,,,
744.0,105.39485716748008,,,,,,,,,
745.0,131.96694569388924,,,,,,,,,
746.0,109.06451672639028,,,,,,,,,
747.0,127.46979629551971,,,,,,,,,
748.0,110.4881612983931,,,,,,,,,
749.0,128.74627424198326,,,,,,,,,
