time,state,smoothing,residuals,variance,ac1,relaxation_time,R_squared,variance_rolling_avg,ac1_rolling_avg,relaxation_time_rolling_avg
0,0.0129480907260895,-0.001049735172723701,0.013997825898813201,,,,,,,
1,-0.0003115591689263,-0.0010621978845928284,0.0007506387156665284,,,,,,,
2,-0.0203982806130858,-0.001073958509734149,-0.019324322103351648,,,,,,,
3,-0.0129371370674767,-0.0010850089029276536,-0.011852128164549046,,,,,,,
4,0.0064670748271788,-0.0010953283982950636,0.007562403225473864,,,,,,,
5,0.0096090491593115,-0.0011048876209876948,0.010713936780299194,,,,,,,
6,-0.016021163434515,-0.0011136609089649895,-0.01490750252555001,,,,,,,
7,0.021561922337666,-0.001121627383025848,0.022683549720691847,,,,,,,
8,-0.0176332238333344,-0.0011287623410272942,-0.016504461492307106,,,,,,,
9,0.0059062796500255,-0.0011350482861127796,0.00704132793613828,,,,,,,
10,0.007677350676879,-0.001140462988554514,0.008817813665433515,,,,,,,
11,-0.0016724965058818,-0.0011449869781938178,-0.0005275095276879823,,,,,,,
12,-0.0069114759199491,-0.0011486064212391104,-0.005762869498709989,,,,,,,
13,0.0180912709913738,-0.0011513079391452425,0.01924257893051904,,,,,,,
14,0.0072949548175363,-0.001153077777836561,0.008448032595372862,,,,,,,
15,0.0231569914847263,-0.0011539121787076036,0.024310903663433903,,,,,,,
16,-0.0122735782553726,-0.001153817426366917,-0.011119760829005683,,,,,,,
17,0.0165539692831514,-0.001152811647095382,0.01770678093024678,,,,,,,
18,0.0040267735808188,-0.0011509138432556597,0.00517768742407446,,,,,,,
19,0.0206831999191721,-0.0011481520808803297,0.02183135200005243,,,,,,,
20,-0.0127893446006477,-0.0011445633364124822,-0.011644781264235217,,,,,,,
21,-0.0694956596873843,-0.001140195902147205,-0.0683554637852371,,,,,,,
22,-0.0138362422886848,-0.0011350947125214471,-0.012701147576163353,,,,,,,
23,0.0320385738080545,-0.0011292919657904757,0.03316786577384497,,,,,,,
24,-0.0018583331074451,-0.001122816101028206,-0.0007355170064168939,,,,,,,
25,-0.0048976807850863,-0.0011157089595343218,-0.0037819718255519786,,,,,,,
26,0.0020543257639491,-0.0011080175758124942,0.003162343339761594,,,,,,,
27,-0.0287272625101157,-0.0010997904801150857,-0.027627472030000613,,,,,,,
28,0.0007011432701022,-0.0010910775510325843,0.0017922208211347845,,,,,,,
29,-0.0038271944906313,-0.0010819210161472231,-0.0027452734744840765,,,,,,,
30,-0.0133782919930581,-0.001072363480783782,-0.012305928512274317,,,,,,,
31,0.0262265936931565,-0.0010624478822770414,0.02728904157543354,,,,,,,
32,-0.0091841287043025,-0.0010522167917409932,-0.008131911912561506,,,,,,,
33,-0.013638116726319,-0.0010417248713090487,-0.012596391855009952,,,,,,,
34,-0.0071859274341071,-0.0010310283091734254,-0.006154899124933675,,,,,,,
35,-0.0058327284256196,-0.001020179592937743,-0.004812548832681857,,,,,,,
36,0.006725405737171,-0.0010092297719388977,0.007734635509109898,,,,,,,
37,-0.0144343820120677,-0.0009982312685435405,-0.01343615074352416,,,,,,,
38,-0.0063840547539299,-0.0009872419630351963,-0.005396812790894704,,,,,,,
39,-0.029554739901408,-0.0009763175499633238,-0.028578422351444678,,,,,,,
40,0.0295378740613295,-0.0009655097819942736,0.030503383843323774,,,,,,,
41,-0.0032632470407954,-0.0009548629296237991,-0.0023083841111716007,,,,,,,
42,-0.0185099508376128,-0.0009444345914891324,-0.017565516246123666,,,,,,,
43,0.0234379187493619,-0.0009342865326149414,0.024372205281976842,,,,,,,
44,-0.0273691598176767,-0.0009244778438718088,-0.026444681973804892,,,,,,,
45,-0.0116144269921956,-0.0009150788534821345,-0.010699348138713465,,,,,,,
46,0.0421981655866404,-0.0009061515276640923,0.04310431711430449,,,,,,,
47,-0.019633576608942,-0.000897754807375447,-0.018735821801566552,,,,,,,
48,-0.0175163943734014,-0.0008899657142421768,-0.016626428659159226,,,,,,,
49,0.0244965798119365,-0.0008828540587277801,0.02537943387066428,,,,,,,
50,-0.0298418248099577,-0.0008764776672332618,-0.02896534714272444,,,,,,,
51,-0.0015047481485806,-0.0008708979398101603,-0.0006338502087704398,,,,,,,
52,0.0210694208598134,-0.0008661491242084964,0.021935569984021897,,,,,,,
53,0.0092890935840969,-0.0008622404192377456,0.010151334003334645,,,,,,,
54,-0.0172969759909532,-0.0008591634262047081,-0.016437812564748494,,,,,,,
55,0.0216513820612806,-0.0008568644821036945,0.022508246543384295,,,,,,,
56,0.0198096326020229,-0.0008551968348258251,0.020664829436848726,,,,,,,
57,-0.0417397719343918,-0.0008539088369583452,-0.04088586309743346,,,,,,,
58,-0.0054575292946346,-0.0008525915316952449,-0.004604937762939355,,,,,,,
59,-0.0272729893846236,-0.000850571356549364,-0.026422418028074237,,,,,,,
60,0.0034380855908447,-0.0008468647537714096,0.004284950344616109,,,,,,,
61,-0.0294384826619859,-0.0008401661078986792,-0.02859831655408722,,,,,,,
62,0.0086284639173404,-0.0008289862273725464,0.009457450144712946,,,,,,,
63,-0.0190282341747273,-0.0008288026139261058,-0.018199431560801196,,,,,,,
64,0.0194664517382258,-0.0008305802640402364,0.020297032002266034,,,,,,,
65,-0.0409395263505558,-0.0008338366732326713,-0.04010568967732313,,,,,,,
66,0.0135809789146164,-0.0008381683162469207,0.014419147230863322,,,,,,,
67,0.0037358244204602,-0.0008432983787491971,0.004579122799209397,,,,,,,
68,-0.0025567203476963,-0.0008490681016868055,-0.0017076522460094945,,,,,,,
69,-0.0094005509844312,-0.0008553871078593177,-0.008545163876571883,,,,,,,
70,0.0662342294481421,-0.0008623052130099909,0.06709653466115209,,,,,,,
71,-0.0008976104690467,-0.0008696815520168866,-2.7928917029813394e-05,,,,,,,
72,-0.0234174860240278,-0.0008774530909751801,-0.02254003293305262,,,,,,,
73,0.0260180082840842,-0.0008853926225454547,0.026903400906629654,,,,,,,
74,-0.0132789377887175,-0.0008932123855886709,-0.01238572540312883,,,,,,,
75,-0.0161475132321292,-0.0009008984143190395,-0.01524661481781016,,,,,,,
76,0.0067251115759326,-0.0009084611288192369,0.007633572704751837,,,,,,,
77,0.0165879319358519,-0.0009160445681942145,0.017503976504046115,,,,,,,
78,0.0159890042471424,-0.000923925429427536,0.01691292967656994,,,,,,,
79,-0.0071016063346327,-0.0009323372707848513,-0.006169269063847849,,,,,,,
80,0.0378547776610399,-0.000941444804651033,0.038796222465690935,,,,,,,
81,-0.0179171732708518,-0.0009513919731742864,-0.016965781297677514,,,,,,,
82,0.0224137565456034,-0.0009622147229273593,0.02337597126853076,,,,,,,
83,-0.0110474633954001,-0.0009736716294210673,-0.010073791765979032,,,,,,,
84,0.026292667273793,-0.0009855358541460788,0.02727820312793908,,,,,,,
85,0.0137613863697407,-0.0009978891843025726,0.014759275554043274,,,,,,,
86,0.0193564729646916,-0.0010108976509992141,0.020367370615690814,,,,,,,
87,-0.0218377380572509,-0.0010246005711791453,-0.020813137486071755,,,,,,,
88,-0.019714949696215,-0.0010389847897120034,-0.018675964906502997,,,,,,,
89,0.0200580277442482,-0.0010539458838200453,0.021111973628068246,,,,,,,
90,0.0023741671137122,-0.0010695036448210922,0.0034436707585332924,,,,,,,
91,-0.0107095679782333,-0.0010859238003771575,-0.009623644177856142,,,,,,,
92,0.0023530334925677,-0.0011034860898537445,0.0034565195824214448,,,,,,,
93,0.010870999795146,-0.0011223338281494237,0.011993333623295424,,,,,,,
94,0.0183907459474064,-0.0011426799788276292,0.01953342592623403,,,,,,,
95,-0.0003807337616446,-0.0011646434408345463,0.0007839096791899463,,,,,,,
96,0.0128200156432111,-0.001188222225157719,0.014008237868368818,,,,,,,
97,-0.0053936280957222,-0.0012135259543627362,-0.004180102141359464,,,,,,,
98,0.0275338381780593,-0.0012406955197733014,0.028774533697832602,,,,,,,
99,-0.0029947757691714,-0.0012699818901813335,-0.0017247938789900666,,,,,,,
100,0.0091659352698578,-0.0013014849564748447,0.010467420226332643,,,,,,,
101,-0.0246496914828308,-0.0013352551443373522,-0.02331443633849345,,,,,,,
102,-0.004855208119098,-0.0013712862794081257,-0.0034839218396898746,,,,,,,
103,-0.0014080895925605,-0.0014095997218983166,1.5101293378166382e-06,,,,,,,
104,-0.0318029041918914,-0.0014501720628315395,-0.03035273212905986,,,,,,,
105,0.0006343509966606,-0.0014929531630727758,0.002127304159733376,,,,,,,
106,-0.0026274082551679,-0.0015380187446347954,-0.0010893895105331048,,,,,,,
107,0.0085525619420798,-0.0015853754031521171,0.010137937345231917,,,,,,,
108,-0.0108680773640666,-0.001635230622547123,-0.009232846741519477,,,,,,,
109,-0.0214562750714296,-0.0016878613515248666,-0.01976841371990473,,,,,,,
110,-0.0326711267920626,-0.0017434259907921207,-0.030927700801270476,,,,,,,
111,0.0007977987507862,-0.001801961797862731,0.002599760548648931,,,,,,,
112,0.0116053028139056,-0.0018636351243398461,0.013468937938245447,,,,,,,
113,-0.0318572717376538,-0.001928333662991933,-0.029928938074661866,,,,,,,
114,-0.0034575983613667,-0.0019959652251468445,-0.0014616331362198557,,,,,,,
115,-0.0011967767049526,-0.0020663410530176096,0.0008695643480650095,,,,,,,
116,-0.016137462562669,-0.0021390162408325827,-0.013998446321836416,,,,,,,
117,-0.0089245597873794,-0.002213596330276837,-0.006710963457102563,,,,,,,
118,-0.0085264112096537,-0.0022896530093404373,-0.006236758200313263,,,,,,,
119,-0.0047638973090794,-0.002366725167452091,-0.0023971721416273088,,,,,,,
120,0.0077198947643679,-0.002444204595684034,0.010164099360051934,,,,,,,
121,-0.0013406006868582,-0.002521601556263629,0.001181000869405429,,,,,,,
122,0.0001141175021243,-0.002598586596279071,0.002712704098403371,,,,,,,
123,0.0020085473322894,-0.002674778125697421,0.004683325457986821,,,,,,,
124,0.008028375705268,-0.002749771058587918,0.010778146763855918,,,,,,,
125,-0.0243173768031897,-0.0028234282341592825,-0.02149394856903042,,,,,,,
126,0.0150880588620482,-0.0028955124206634223,0.017983571282711622,,,,,,,
127,-0.0058061308728477,-0.0029656710192747533,-0.0028404598535729467,,,,,,,
128,-0.0179464006870182,-0.003033600239090424,-0.014912800447927777,,,,,,,
129,-0.0096622032723031,-0.0030990297620109427,-0.006563173510292157,,,,,,,
130,-0.020871513982008,-0.0031615185388033187,-0.01770999544320468,,,,,,,
131,0.0237223732544766,-0.003220653598920136,0.026943026853396737,,,,,,,
132,-0.0046734108090984,-0.0032758704888580493,-0.0013975403202403504,,,,,,,
133,0.0445419833871794,-0.0033266159663091713,0.04786859935348857,,,,,,,
134,0.0137937599438684,-0.0033723692918880164,0.017166129235756417,,,,,,,
135,-0.0484529493577838,-0.0034125660781485602,-0.045040383279635235,,,,,,,
136,0.0395159695484641,-0.0034467803778169704,0.04296274992628107,,,,,,,
137,-0.0367650274667868,-0.0034746978189745307,-0.03329032964781227,,,,,,,
138,-0.0225159257438968,-0.0034960945463891795,-0.019019831197507622,,,,,,,
139,-0.0136630769240873,-0.003510834320769194,-0.010152242603318106,,,,,,,
140,0.0275592870153372,-0.003518868908183188,0.03107815592352039,,,,,,,
141,-0.0216529489363874,-0.0035203346357418506,-0.01813261430064555,,,,,,,
142,0.0029280798938204,-0.003515347985776496,0.006443427879596896,,,,,,,
143,0.0103052892442448,-0.003504089942913902,0.013809379187158702,,,,,,,
144,0.0113037703551438,-0.0034866105546886555,0.014790380909832455,,,,,,,
145,-0.0263509703687292,-0.003463291956320493,-0.02288767841240871,,,,,,,
146,0.0118738258707405,-0.0034345760550219145,0.015308401925762414,,,,,,,
147,-0.0070113408313881,-0.0034010305091759833,-0.003610310322212117,,,,,,,
148,-0.0043181136852397,-0.003363123844937643,-0.0009549898403020574,,,,,,,
149,0.0138785698157278,-0.0033212902190424038,0.017199860034770205,,,,,,,
150,-0.0360850083368023,-0.003275689476575032,-0.03280931886022727,,,,,,,
151,-0.0141616058059969,-0.003226534367457185,-0.010935071438539716,,,,,,,
152,-0.0110130984615494,-0.0031740323080724506,-0.007839066153476949,,,,,,,
153,0.020707583976045,-0.003118219105794461,0.023825803081839462,,,,,,,
154,-0.0127414934208719,-0.003059205869539769,-0.00968228755133213,,,,,,,
155,-0.020525504898408,-0.002997310473612208,-0.017528194424795793,,,,,,,
156,0.0262948749492855,-0.002932918459311356,0.029227793408596856,,,,,,,
157,-0.0213442304309592,-0.002866248057275734,-0.018477982373683467,,,,,,,
158,0.0094458620481629,-0.0027974855323511013,0.012243347580514001,,,,,,,
159,-0.0370003249439151,-0.002726952360700258,-0.03427337258321484,,,,,,,
160,0.0192648954577488,-0.002654982684037084,0.021919878141785885,,,,,,,
161,0.0026157287592786,-0.002581957311034637,0.005197686070313237,,,,,,,
162,0.0158881698116215,-0.002507980116820594,0.018396149928442095,,,,,,,
163,0.0144513554135861,-0.002433190424017783,0.016884545837603883,,,,,,,
164,-0.0219404832288206,-0.0023576638592491873,-0.019582819369571413,,,,,,,
165,0.0079056625759772,-0.0022815615070419753,0.010187224083019177,,,,,,,
166,-0.0196909513773405,-0.0022048853534342057,-0.017486066023906295,,,,,,,
167,-0.0009180180297043,-0.002127744218832395,0.0012097261891280949,,,,,,,
168,-0.0207691900284548,-0.002050203008011198,-0.018718987020443605,,,,,,,
169,0.0045417354864027,-0.0019722717832090374,0.006514007269611738,,,,,,,
170,-0.0350500981160303,-0.0018938506811726151,-0.033156247434857684,,,,,,,
171,0.0450803444644731,-0.0018146093248583928,0.04689495378933149,,,,,,,
172,-0.0556703648084927,-0.0017342138992318366,-0.05393615090926086,,,,,,,
173,0.032465660522773,-0.001652383014100254,0.034118043536873255,,,,,,,
174,0.0033214671392196,-0.0015690065864620232,0.0048904737256816235,,,,,,,
175,0.0026839687007525,-0.001484067877133094,0.0041680365778855935,,,,,,,
176,0.023601868817003,-0.0013976081352630894,0.024999476952266092,,,,,,,
177,-0.0553338699471823,-0.0013098418351326756,-0.05402402811204962,,,,,,,
178,0.0185447709450091,-0.0012210146577677633,0.019765785602776864,,,,,,,
179,-0.0437973895019248,-0.001131243820687712,-0.04266614568123709,,,,,,,
180,-0.0096583115404109,-0.0010408097256255975,-0.008617501814785301,,,,,,,
181,-0.0071952153422084,-0.0009498814425753918,-0.006245333899633008,,,,,,,
182,-0.0369696361562788,-0.0008587791896526816,-0.03611085696662612,,,,,,,
183,0.018598204884588,-0.0007678303406513706,0.019366035225239372,,,,,,,
184,0.0004207671590863,-0.0006772424139603847,0.0010980095730466848,,,,,,,
185,-0.0469730284629428,-0.0005871712280453818,-0.046385857234897424,,,,,,,
186,0.0060693420881728,-0.0004977118094635284,0.006567053897636328,,,,,,,
187,0.0214428782803814,-0.0004088358245670928,0.021851714104948492,,,,,,,
188,-0.0295573399638018,-0.00032059550310304513,-0.029236744460698755,,,,,,,
189,0.0115532031938211,-0.00023304366715226052,0.01178624686097336,,,,,,,
190,0.0205135544669553,-0.00014619412481269118,0.02065974859176799,,,,,,,
191,-0.0263823658196962,-5.993222001342247e-05,-0.02632243359968278,,,,,,,
192,0.033753288944503,2.5750594673509775e-05,0.03372753834982949,,,,,,,
193,0.0145008180987577,0.00011062597399888897,0.01439019212475881,,,,,,,
194,-0.0260174362302396,0.00019433665867382005,-0.02621177288891342,,,,,,,
195,0.0262545509196565,0.00027643524795061567,0.02597811567170588,,,,,,,
196,0.0134544398434672,0.000356427185392987,0.013098012658074212,,,,,,,
197,-0.0303242301207222,0.0004340953503687918,-0.030758325471090992,,,,,,,
198,0.0174411300106377,0.0005093453400836051,0.016931784670554097,,,,,,,
199,0.0124901469932702,0.0005818909003486041,0.011908256092921595,,,,,,,
200,0.0048381732192172,0.000651579493624548,0.0041865937255926525,,,,,,,
201,-0.0485747934177034,0.0007180337644458793,-0.04929282718214928,,,,,,,
202,0.0172442202411686,0.0007808645685363312,0.01646335567263227,,,,,,,
203,-0.0100797680354536,0.0008396726040587333,-0.010919440639512333,,,,,,,
204,0.0292173657167327,0.0008943249102271538,0.028323040806505547,,,,,,,
205,-0.0458585251662108,0.0009445198521222302,-0.04680304501833303,,,,,,,
206,0.0049274563886483,0.0009900653982963423,0.003937390990351958,,,,,,,
207,-0.0164619273564008,0.0010311325799844525,-0.017493059936385252,,,,,,,
208,0.0124119745241155,0.0010680904494829422,0.011343884074632557,,,,,,,
209,-0.0262130266613205,0.0011013661529214694,-0.02731439281424197,,,,,,,
210,0.0354010478184362,0.0011314111666552208,0.034269636651780976,,,,,,,
211,0.006596764560602,0.001158721186964583,0.005438043373637417,,,,,,,
212,0.0200435730514389,0.0011836705036403093,0.018859902547798593,,,,,,,
213,0.0239788967905601,0.0012068075657358786,0.02277208922482422,,,,,,,
214,-0.0027054793023237,0.0012283080003073952,-0.003933787302631095,,,,,,,
215,0.0032985564463047,0.0012481149985147683,0.002050441447789932,,,,,,,
216,-0.0008597589120114,0.001266258645976018,-0.002126017557987418,,,,,,,
217,0.0284215261127321,0.001282808616719777,0.027138717496012325,,,,,,,
218,0.0075277442483911,0.001297793337869684,0.006229950910521416,,,,,,,
219,-0.0168639612832891,0.0013109875590980344,-0.018174948842387136,,,,,,,
220,0.0063229557370101,0.0013223770183642704,0.00500057871864583,,,,,,,
221,-0.0217974732746656,0.0013318230005022432,-0.023129296275167844,,,,,,,
222,0.0512475437598903,0.0013389949453033974,0.04990854881458691,,,,,,,
223,-0.0233360362186352,0.0013433742940639059,-0.024679410512699108,,,,,,,
224,0.0095786840948403,0.001344567649650161,0.008234116445190138,,,,,,,
225,-0.0096710031214311,0.0013422333053416018,-0.011013236426772703,,,,,,,
226,0.0413774322292446,0.0013363606817555463,0.04004107154748905,,,,,,,
227,-0.0487298251505232,0.0013270727355433284,-0.05005689788606653,,,,,,,
228,0.0320116646549053,0.0013144508109800188,0.03069721384392528,,,,,,,
229,0.000521967097895,0.0012985141495809017,-0.0007765470516859017,,,,,,,
230,-0.0001233073404746,0.001279150434610701,-0.0014024577750853008,,,,,,,
231,0.0223843885957158,0.001256356216705611,0.02112803237901019,,,,,,,
232,-0.0107360633687076,0.001230048061424135,-0.011966111430131734,,,,,,,
233,0.0224731096604872,0.0012001163717694204,0.02127299328871778,,,,,,,
234,-0.0018370716308869,0.0011663308989785708,-0.0030034025298654706,,,,,,,
235,-0.0015853229680884,0.0011285166832860326,-0.0027138396513744327,,,,,,,
236,-0.016354333443134,0.0010864306421056093,-0.01744076408523961,,,,,,,
237,-0.0009869535085213,0.0010399209120561495,-0.0020268744205774493,,,,,,,
238,-0.0022538707241899,0.0009890911154103838,-0.003242961839600284,,,,,,,
239,0.021514347712109,0.0009341946147712315,0.020580153097337767,,,,,,,
240,-0.0268937869850818,0.0008755912083296475,-0.027769378193411447,,,,,,,
241,0.0549731759601629,0.0008135179722796016,0.054159657987883296,,,,,,,
242,-0.0266034842802141,0.0007485052945456021,-0.027351989574759702,,,,,,,
243,0.0054270885283523,0.0006808540067304709,0.004746234521621829,,,,,,,
244,0.0017858020884554,0.0006109344501218836,0.0011748676383335165,,,,,,,
245,0.0072906221882702,0.0005389367441623919,0.006751685444107808,,,,,,,
246,0.0019454867448341,0.0004650282201566667,0.0014804585246774333,,,,,,,
247,0.0130458503830264,0.00038967192379807186,0.012656178459228328,,,,,,,
248,-0.0466243603747824,0.00031342351661224404,-0.04693778389139465,,,,,,,
249,0.0327615596624504,0.00023645891356816322,0.03252510074888224,0.00047683152208046733,-0.3955554375908623,-0.35786758260281,0.9933063896517552,0.00047683152208046733,-0.3955554375908623,-0.35786758260281
250,-0.0659465535525314,0.00015906595111311934,-0.06610561950364452,0.0004934769925308212,-0.4050178294536555,-0.36591105413185154,0.9940130411777379,0.00047770759947259126,-0.39605345821521987,-0.35829092320960165
251,0.0269314706406567,8.147884018331082e-05,0.02684999180047339,0.0004964309696971692,-0.4115639592929899,-0.3714748170002402,0.9945384337647419,0.00047869304001072697,-0.3968698003772078,-0.3589848123564774
252,0.0089991148784509,3.7325909029192606e-06,0.00899538228754798,0.0004952976211789846,-0.4108454891245004,-0.37318041617811837,0.9947117021272571,0.00047956696533537214,-0.3976053629428548,-0.35973194939972164
253,-0.0288989351643834,-7.416709838627947e-05,-0.02882476806599712,0.0004980485706111782,-0.41105308313982647,-0.3730243244616337,0.9945056129715849,0.00048053968140251985,-0.3983131376900638,-0.36043154808719075
254,0.0201837425224461,-0.0001523474440713354,0.020336089966517437,0.0004994969688841782,-0.4147116385539097,-0.3730869075897046,0.9943505694669296,0.0004815374333752387,-0.3991762166828978,-0.3610976196399547
255,-0.0248738300579249,-0.00023108512667191356,-0.024642744931252986,0.0005014143312886858,-0.4163162039205336,-0.3733479904945784,0.9942622137150973,0.00048258358589699913,-0.40007832127435233,-0.3617423760007244
256,-0.0225223732613456,-0.00031049976806763184,-0.022211873493277967,0.0005024857264263852,-0.40875428218982396,-0.3726088072003557,0.9941280004999324,0.00048363106697749315,-0.40053495079621926,-0.36231429343228394
257,0.0095165367510803,-0.0003904324096765873,0.009906969160756887,0.0005007787321897436,-0.4079117028062377,-0.3718121256456922,0.9940155153002119,0.00048453357567287476,-0.4009232009020097,-0.36281417933825283
258,-0.0038436509503973,-0.0004706152893978164,-0.003373035660999484,0.0004997660727036506,-0.4075363803883432,-0.37119720532291867,0.9939219325210567,0.00048533528604291563,-0.4012712629802378,-0.36325539123218265
259,-0.0306150456227078,-0.0005506208718360657,-0.030064424750871732,0.0005030820302764545,-0.40613546685454627,-0.37046906984470085,0.993767127376746,0.0004862693252131019,-0.4015272737104646,-0.3636350585275784
260,0.0038109709000182,-0.0006298844270385825,0.004440855327056782,0.000502832494461572,-0.4059708401557599,-0.36987061668516186,0.9936502631890768,0.0004871410709630214,-0.40176114562863807,-0.36396324579903017
261,-0.0463478764127764,-0.0007079601280355909,-0.04563991628474081,0.0005109911980538663,-0.4044812356779305,-0.3695402864810976,0.9935744077069903,0.000488396340809908,-0.40190430826281137,-0.3642567742559811
262,0.0304156167147846,-0.0007843375690311869,0.031199954283815785,0.0005149405451319273,-0.4107460971557663,-0.3696120898516224,0.9935443704666566,0.0004897934041952774,-0.40236966557296694,-0.36453863297154115
263,-0.0192432962304665,-0.0008584039668243753,-0.018384892263642125,0.0005146340806530296,-0.41520308314284576,-0.3698662462784365,0.9934896767793231,0.0004911008082193696,-0.4030451086029606,-0.3648190336719041
264,0.0324130587096405,-0.0009295102366231245,0.033342568946263626,0.0005189343245715378,-0.4204400678369218,-0.37064002654854106,0.9935475112919149,0.0004925657301326417,-0.40396063277316907,-0.3651254017180429
265,-0.0553770761107516,-0.0009973438101820897,-0.05437973230056951,0.0005279829161691648,-0.4271671652693736,-0.37185428645834306,0.993679680839963,0.0004944297925556166,-0.40518202922033775,-0.3654795535464798
266,0.0116616559538449,-0.0010615428690895086,0.01272319882293441,0.0005282950088829703,-0.42697612798156986,-0.373015535595645,0.9937995035288271,0.0004962121723623195,-0.4063290870498763,-0.36587618418064644
267,0.0268135682249354,-0.0011218245741090825,0.027935392799044483,0.0005302323547191188,-0.42383579227140666,-0.3735697096912299,0.9938254996690546,0.0004980027082758352,-0.4072504925878516,-0.3662811065759403
268,0.001060023751558,-0.0011777651112982275,0.0022377888628562275,0.0005301272045158686,-0.42373760459902654,-0.3740661098011002,0.9938354485767242,0.000499693471235837,-0.4081182353252819,-0.36669084358779086
269,0.0274549740413993,-0.0012292502119526966,0.028684224253351997,0.0005315580604028911,-0.42079701446495704,-0.3746619588851364,0.9938593901534625,0.0005013705548762082,-0.408785539490528,-0.3671103759718617
270,-0.0112695586891321,-0.0012762207073248968,-0.009993337981807203,0.0005314241052790941,-0.4347568967833416,-0.3754948523254793,0.9938339563309248,0.0005029523206868865,-0.410152453032255,-0.3675516642009995
271,0.0152364271060478,-0.0013187050637996315,0.01655513216984743,0.0005141330890133242,-0.44990883970288686,-0.377000575874402,0.9937884798986601,0.0005035407821777517,-0.4122448944359725,-0.3680489753417049
272,-0.0307524143848429,-0.001356854980959274,-0.029395559403883626,0.0005169004110095096,-0.45078366927776387,-0.3784828321805278,0.9937826410026627,0.000504243920537318,-0.4142732510065931,-0.3685981257016429
273,0.0447599175804308,-0.0013910224849449486,0.04615094006537575,0.0005210797762164815,-0.457927819372864,-0.38019798829257956,0.9937778591646836,0.0005051300182046423,-0.4165708598679758,-0.36920864478537646
274,-0.0360217600669063,-0.0014215532566760026,-0.034600206810230294,0.0005257604101070448,-0.4642919635305242,-0.38204149987708264,0.9937836049303092,0.0005062158283047688,-0.4190824969028468,-0.36988405821125575
275,-0.0089888972759455,-0.0014488189406086835,-0.007540078335336816,0.000525915134820114,-0.4602559143467115,-0.38359248138838153,0.9937861718857922,0.0005072526339108396,-0.42124951887357653,-0.3706055541679466
276,0.0373244393288399,-0.0014730589555841307,0.03879749828442403,0.0005320550897357356,-0.46012278166818565,-0.3847177533397127,0.9937164337377865,0.0005085580263226763,-0.4232954800732929,-0.3713483014927764
277,-0.0208181573792209,-0.0014942922816987315,-0.01932386509752217,0.0005305149503948245,-0.4633157710064938,-0.3858037811697357,0.9936331501635527,0.000509713653905421,-0.42540181117504033,-0.37210911621261644
278,0.0173248431914,-0.0015124632633938821,0.01883730645479388,0.0005319727063334205,-0.46477211558578496,-0.3868903629066503,0.9935628690666701,0.0005108851829805789,-0.4274739324598164,-0.37288707656493403
279,-0.0294780589977936,-0.0015276381029210265,-0.027950420894872572,0.0005350091898536872,-0.4672623894798255,-0.388060091713041,0.993529991602003,0.0005121548675528478,-0.429568061776659,-0.3736856563095713
280,0.0320389797158233,-0.0015400164038019359,0.03357899611962523,0.0005390427918899419,-0.47004382430620717,-0.3893106311069173,0.9935170029669782,0.0005135700214653265,-0.4316983650676879,-0.3745080234041685
281,-0.0108299001985988,-0.0015496049993068849,-0.009280295199291915,0.0005363129808500192,-0.46998734256266916,-0.39054242039588816,0.9935060601013582,0.0005147670193276787,-0.433713574409529,-0.37535193903531167
282,-0.0270346714697844,-0.0015564684850265446,-0.025478202984757854,0.0005385990660522206,-0.46814111044773843,-0.3915415256081368,0.993476184414559,0.0005160213375763388,-0.4355255499904874,-0.3762040225391446
283,-0.0111853044851472,-0.001560916066442011,-0.00962438841870519,0.000538344009320573,-0.46600395761162017,-0.3924672367721928,0.9934578669465569,0.0005171962150365617,-0.43712967670738917,-0.3770599811829892
284,0.0162640137209698,-0.001563356675032075,0.017827370396001872,0.000539539877484594,-0.4668174289520032,-0.3933376993824722,0.9934428714646666,0.0005183721972706687,-0.4386921899834215,-0.37791670319348836
285,-0.0277787395499739,-0.0015641096118955676,-0.026214629938078333,0.0005421436826751344,-0.4684567363255505,-0.3941656776658341,0.993408346292158,0.0005196233280814301,-0.44025874505405993,-0.3787719123762434
286,0.0361415182636715,-0.0015633217212383018,0.0377048399849098,0.0005476970431245007,-0.4716846949356209,-0.3959648510577115,0.9933429500383986,0.0005211008920310654,-0.4419127424162474,-0.3796768038857944
287,-0.0153082359021421,-0.0015611138874467563,-0.013747122014695344,0.00054773026668218,-0.4734634352241013,-0.39736380478956773,0.993251467165251,0.0005225024380653347,-0.44357330519560817,-0.38060769867020355
288,0.009779094413042,-0.0015577147312612288,0.011336809144303229,0.0005481640578940747,-0.4765821637407591,-0.3986302865091194,0.9931316188806882,0.0005238530496352683,-0.44531061354008983,-0.38155625592488335
289,-0.0254004178301692,-0.0015532676603723947,-0.023847150169796803,0.0005471760671927582,-0.47401617704779536,-0.4000879965620675,0.9930675022775346,0.0005250805768751362,-0.44682143267207436,-0.3825316106952615
290,-0.0141543969291617,-0.001547849691156638,-0.012606547238005063,0.0005439766862330273,-0.4718504762376443,-0.40174539627921935,0.9930773822673958,0.0005260751089466042,-0.4481387507544728,-0.3835428625681014
291,0.0188201527317005,-0.0015415861996517647,0.020361738931352263,0.0005456808314346518,-0.4734902404331407,-0.4033523398698546,0.993092882219319,0.0005271069890775541,-0.449473039684929,-0.38458546663661475
292,-0.0077173471865162,-0.0015346576566008705,-0.00618268952991533,0.0005446193444278064,-0.47202333095004845,-0.4048997392631408,0.9931089761403274,0.0005280286919907252,-0.4506598971199353,-0.38565463888011614
293,0.0008533639314837,-0.0015274607561781522,0.002380824687661852,0.0005422061587306517,-0.46954240624402194,-0.4066913976294295,0.9931695544477408,0.0005287748744507213,-0.4516537133896241,-0.38676183670902736
294,-0.0015118756695947,-0.0015204648325741904,8.5891629794904e-06,0.0005394563581171479,-0.4729589706499127,-0.408692387099299,0.9932373555151515,0.000529337057801586,-0.452775042719113,-0.3879160762032522
295,-0.013312868017415,-0.0015140885586659278,-0.011798779458749072,0.000539553703447912,-0.47287162083327827,-0.41067602373213213,0.9933062855936078,0.0005298747759934978,-0.45383275735670064,-0.3891139681784564
296,0.0064640245190212,-0.0015086743858324638,0.007972698904853665,0.0005322630846500216,-0.4711637334075742,-0.41285578616988783,0.9934251675923287,0.0005300004764491043,-0.4547449139909572,-0.3903635375464265
297,-0.0249421928006464,-0.0015045252228464735,-0.023437667577799925,0.0005330451761675614,-0.47488590537808845,-0.4151600362908702,0.9935457441958923,0.0005301607238027073,-0.4558049661692273,-0.39166861642771306
298,0.0154263327786948,-0.001501776530669824,0.016928109309364624,0.0005331720924561934,-0.4749024472512784,-0.41740393460096503,0.9936651728972921,0.000530319216889733,-0.4568100967524932,-0.3930231068578842
299,-0.0034169285930991,-0.0015004653762752044,-0.0019164632168238954,0.0005305326044096065,-0.4716499447900542,-0.41950972926123076,0.9937898381929291,0.0005303304478118316,-0.45759114138604906,-0.3944171396159551
300,-0.0110290916281808,-0.0015008231320029401,-0.00952826849617786,0.0005275782401995513,-0.4729311382365723,-0.421566508866146,0.9939076730490141,0.0005301855947796063,-0.45839850964133977,-0.39584605378701776
301,-0.0242717833148502,-0.0015029984769519686,-0.02276878483789823,0.0005296001917080413,-0.47112803619141497,-0.4233977541123304,0.9939941310920136,0.0005301547840916292,-0.4590684847229227,-0.3972961432778237
302,0.0502505959854327,-0.0015071322303000846,0.05175772821573279,0.0005385013125333431,-0.4770862555375859,-0.425059814554658,0.9940470943323187,0.0005305940750622458,-0.46001678845001026,-0.3987573891344992
303,-0.0534767152619858,-0.0015133586557999452,-0.051963356606185854,0.0005487430708984746,-0.48688786971222037,-0.4268429195345751,0.994073943023998,0.0005315492853694158,-0.46143105588486344,-0.40023557494502954
304,0.0623107127952591,-0.0015220032543695936,0.06383271604962869,0.000564242061594702,-0.4976468629580125,-0.4292859338465806,0.9941663420655482,0.0005332699578023256,-0.4633371509939766,-0.4017645412030059
305,-0.0610192201850862,-0.001533060567127589,-0.05948615961795861,0.0005761914763786108,-0.5161569939791789,-0.4323774495740684,0.9942972827650851,0.0005355289850958143,-0.4661171427300399,-0.40337574690674605
306,0.0161619670658134,-0.0015465637495440127,0.017708530815357414,0.0005757236547945265,-0.5145332860200175,-0.43546505492942955,0.9944369333800387,0.0005376444940273254,-0.46866536079793353,-0.4050646578553083
307,0.0233632038108708,-0.0015625133362719157,0.024925717147142715,0.0005717110659964452,-0.5137641710934341,-0.4380428624588909,0.994558688836948,0.0005394374714993844,-0.4710389823924336,-0.40680035283444427
308,0.0246388922886037,-0.0015809975211619669,0.026219889809765667,0.0005744353874871637,-0.5087664465814475,-0.44028117690541746,0.994742893311369,0.0005412794670776886,-0.47302463840238174,-0.4085625014697587
309,-0.0408929921882287,-0.0016019530245903867,-0.03929103916363831,0.0005778149988498219,-0.5124799912752251,-0.4424290423162071,0.9948995960433709,0.0005432023898025377,-0.4751012359220051,-0.41034495098799284
310,0.0542133842054256,-0.0016253221465328779,0.05583870635195847,0.0005902974151555294,-0.5199644703870141,-0.44443553306442496,0.99500665516303,0.0005456810753474321,-0.4774624587885845,-0.41213919214991035
311,-0.0190675334481849,-0.001650785350953473,-0.017416748097231427,0.000588227221144876,-0.5203149248248443,-0.4462289659478526,0.995109849880466,0.0005479203461788765,-0.4797178517378614,-0.4139333907708547
312,-0.0071398247018237,-0.0016782146031406476,-0.005461610098683053,0.0005879920428939359,-0.5186351006930588,-0.4480128959053509,0.9952002498942498,0.0005500293828480902,-0.4817661279986613,-0.41572704893582824
313,0.0068253110170496,-0.001707374285274801,0.008532685302324402,0.000586941578104281,-0.5175619320022385,-0.4499389794738005,0.9953111224546306,0.0005519721299668372,-0.48365011768306015,-0.4175276768588795
314,-0.0379082225765666,-0.0017382606463097298,-0.03616996193025687,0.000590540939352849,-0.5152234624182046,-0.4517183476858564,0.9954302045479176,0.0005540020673029431,-0.4853118726691204,-0.4193271858497731
315,-0.0071827030486548,-0.0017706358187080183,-0.005412067229946782,0.0005842111398755087,-0.5107414061969011,-0.4534141824935283,0.9955500691715045,0.0005555920184909729,-0.4866502691705826,-0.4211212383047076
316,-0.0055717035479637,-0.0018039791918230414,-0.0037677243561406587,0.0005834315530115798,-0.5113886462544499,-0.454959813741915,0.9956477773972897,0.0005570572571499522,-0.48795228901710197,-0.42290221595929745
317,0.0102807454385582,-0.001837831925868197,0.012118577364426397,0.0005839390988738211,-0.5114048414566822,-0.45640242225391625,0.9957521158492659,0.0005584720909248927,-0.48918663388234307,-0.42466538471164583
318,0.024919300865314,-0.0018715122002045043,0.026790813065518504,0.0005868008084895198,-0.5078962817880833,-0.45775878500317446,0.9958670361602059,0.0005599630760598732,-0.4901713521931715,-0.4264071426217263
319,-0.0005913332677327,-0.001904486180377676,0.001313152912644976,0.0005865052590251942,-0.5105145665184976,-0.4593039644640209,0.9959881568669124,0.000561360033058048,-0.49124204768397817,-0.4281385542976366
320,0.0086578783450468,-0.001936260012610123,0.010594138357656923,0.000568886424742767,-0.5182975567908187,-0.46121080986125634,0.9961201431625847,0.0005617561589361911,-0.49266602184749614,-0.42987919932730084
321,-0.0036483182571344,-0.001966300532901415,-0.0016820177242329848,0.0005688965464433456,-0.5191209735870138,-0.46312672335945076,0.9962458645875669,0.0005621319688049887,-0.49405838772852345,-0.43162906901320347
322,0.0032901175088254,-0.0019942163563416095,0.00528433386516701,0.0005669774345628016,-0.5170924967325511,-0.46503519103259106,0.9963914223646684,0.0005623869933185578,-0.49527070925505123,-0.4333872859615923
323,-0.0121146161449626,-0.0020198362144937775,-0.010094779930468822,0.0005644623159248791,-0.5164899324314967,-0.4669303851958867,0.996538426502834,0.0005624962208241537,-0.4963875104748642,-0.4351527122370815
324,0.0213373719199401,-0.002043160480483105,0.023380532400423204,0.0005660593029820822,-0.5190042182715954,-0.4688534969084769,0.9966784719940278,0.0005626837514640447,-0.4975778635167974,-0.43692643774610235
325,-0.0657171404070664,-0.0020645177127725416,-0.06365262269429386,0.0005813636634793849,-0.5208361075956915,-0.47072733733502015,0.9968099242210028,0.00056366690472801,-0.4988019816262129,-0.43870543246130855
326,0.0227746151784631,-0.0020841010356029135,0.024858716214066014,0.0005836320404837378,-0.5250010501631106,-0.47256377529979615,0.9969130583853317,0.0005647177013467325,-0.5001808799702602,-0.4404874505054395
327,-0.0264515329889562,-0.0021022682629744595,-0.024349264725981742,0.0005847159025678531,-0.5301701973534432,-0.47454452315734025,0.9970146553269345,0.0005657702382531073,-0.5017592650956909,-0.44227992801343435
328,0.0191356766443189,-0.0021192242386193654,0.021254900882938268,0.0005853909984956669,-0.5317416583688203,-0.4766174857360418,0.9971293796051507,0.000566802909844821,-0.5033372857942767,-0.4440871678935716
329,-0.0216794353626798,-0.002135427260147749,-0.01954400810253205,0.0005867408318691884,-0.534356138321447,-0.478787079844865,0.9972387841566324,0.000567852274161893,-0.5049698569799173,-0.4459134790489029
330,0.0075499216676676,-0.002151249832727572,0.009701171500395171,0.0005809860350669266,-0.5336836705581326,-0.4808116471764461,0.9973271617437698,0.0005685435247358421,-0.5064811103261391,-0.44775022473982623
331,0.016110524542617,-0.002167026193550033,0.018277550736167034,0.0005812748087528192,-0.5303675964301263,-0.48256869243954176,0.9974016720709236,0.0005692135923156831,-0.5077382938052963,-0.44958277567139027
332,-0.0122425453201762,-0.0021829757495254332,-0.010059569570650767,0.0005793898451993633,-0.5304213360406163,-0.4842768144361748,0.9974775363541768,0.0005697491845727189,-0.508932138133471,-0.4514087777116421
333,0.0078468319123619,-0.0021992955752723692,0.010046127487634268,0.0005794501913583209,-0.5304747072160844,-0.4858247804031162,0.997531268124149,0.0005702597638772243,-0.5100659575588717,-0.45322014627435125
334,-0.0113561310186553,-0.0022160878141131305,-0.009140043204542168,0.0005766745287577663,-0.5355610695897655,-0.48727134424693747,0.9975684736356775,0.0005705973830814634,-0.5114078055604977,-0.4550123145886979
335,-0.0014545540566212,-0.0022334959710992286,0.0007789419144780287,0.000575743657445867,-0.5389946200293344,-0.4887446714045951,0.9975930853340634,0.0005708682396269583,-0.5128597431641208,-0.4567877017895346
336,-0.0027433241712125,-0.0022516408741320637,-0.0004916832970804363,0.0005739797414179309,-0.5376219002942537,-0.49025429970157725,0.9976100922721313,0.0005710320028791148,-0.5141630145920225,-0.45854910167964213
337,0.0060025587549519,-0.002270595918909724,0.008273154673861624,0.0005726489850747982,-0.5414478265674477,-0.49181964616845536,0.9976302726836652,0.0005711171072052034,-0.5155990573275713,-0.4603001829685271
338,0.0261349433690221,-0.002290454263065954,0.028425397632088054,0.0005746526683952358,-0.5367040287071452,-0.49331234658209394,0.9976476430394849,0.0005713031893730999,-0.5167098452949173,-0.46203766526397805
339,-0.0124284412985492,-0.002311455010793732,-0.010116986287755467,0.0005731759425210336,-0.5384060779708729,-0.49474752309750486,0.9976590875161968,0.0005714017553282544,-0.5178517522778623,-0.4637592367289005
340,-0.0152531461781495,-0.0023335786911139354,-0.012919567487035565,0.0005737349236170011,-0.5370310974323256,-0.49599818494836234,0.9976895254778928,0.0005715245536592411,-0.5188611914965183,-0.46545602347729326
341,0.0081350014367243,-0.0023569146757307004,0.010491916112455,0.0005738822053399824,-0.5374040251968023,-0.49684330615170585,0.9976987956912259,0.0005716486405898065,-0.5198371301123228,-0.46710798572331497
342,-0.0122056871980791,-0.0023814251840300785,-0.009824262014049021,0.0005741723680199313,-0.5383954820495283,-0.4970738668827518,0.9976906915007762,0.0005717814683492868,-0.5208138854774389,-0.4686851373632854
343,-0.0188721303204835,-0.0024072242590285025,-0.016464906061455,0.0005745583376369656,-0.5395441561564264,-0.49723318650391946,0.9976752081417386,0.0005719276193644279,-0.5217996891973856,-0.470187666265424
344,-0.0298836493753362,-0.0024341688799761137,-0.027449480495360088,0.000575788539102409,-0.5357506909465946,-0.4977197527828921,0.9976878502705572,0.0005721308256664268,-0.522533952447344,-0.4716367234505539
345,0.0303383284959479,-0.002462105441228777,0.03280043393717667,0.0005802940538299368,-0.5391248315534318,-0.4981125685768626,0.9976737191132318,0.00057256046925398,-0.5234071566108224,-0.47303018898351756
346,-0.0080144518236532,-0.002491018265198575,-0.005523433558454625,0.0005795182022295655,-0.5381670032319779,-0.49847844261156643,0.9976498955581885,0.0005729266657263793,-0.5241839906435148,-0.4743695707534149
347,0.0222144066031408,-0.002520799350893912,0.024735205954034712,0.0005820641113134791,-0.538701517583911,-0.49882055221765903,0.9976600096406295,0.000573407583915174,-0.5249480710087989,-0.4756564645146909
348,-0.0213477760748492,-0.0025513087543688824,-0.018796467320480317,0.0005798820899143432,-0.5415003518378192,-0.49923778726002505,0.9976699756649268,0.0005737483473888146,-0.5258192436840106,-0.4768975867644454
349,0.033578101230792,-0.002582445120435093,0.0361605463512271,0.0005853469730257561,-0.5431049635137781,-0.4998625629755573,0.9976835202171176,0.0005743588013697062,-0.5267290184118931,-0.47810626972292497
350,-0.0176167056047507,-0.0026138691882458165,-0.015002836416504885,0.0005856643883252462,-0.5432497182256565,-0.5006338151128785,0.9977087507826923,0.0005749538322621031,-0.527598528928407,-0.47929193000660675
351,0.0281181243294256,-0.002645343695384549,0.03076346802481015,0.0005875683933232923,-0.5455313158401633,-0.5016939196029394,0.9977564347065752,0.0005756177565284814,-0.5285423598184994,-0.4804709820906243
352,-0.0207757121674659,-0.002676555343521791,-0.01809915682394411,0.0005887671378457595,-0.5468821201361089,-0.5028374218760178,0.9978038977184577,0.0005763098292293908,-0.5295076103615315,-0.4816481631319608
353,-0.0311894063210531,-0.0027072413557074457,-0.028482164965345655,0.0005918726832880216,-0.5430604147054885,-0.5038410917385335,0.9978526588999139,0.000577128926811424,-0.5302209158533188,-0.482816212005991
354,-0.0067659642037124,-0.002737358837880453,-0.004028605365831947,0.000588379687837228,-0.5420461927444445,-0.5047848291406423,0.9978871137613139,0.0005777210721285717,-0.5308432988475886,-0.48397245501307795
355,-0.0226149093958634,-0.002766641711539298,-0.0198482676843241,0.0005898268344459855,-0.5409054161631032,-0.5057337016995717,0.9979137189959708,0.0005783582175136987,-0.5313728839694578,-0.48511778378605136
356,0.0165692054437463,-0.002794915252314359,0.01936412069606066,0.0005914371998819761,-0.5422896183552165,-0.5066571032078341,0.9979429192192231,0.000579046585006766,-0.5319474489371294,-0.48625143217667155
357,-0.0478145761545514,-0.002821802853846528,-0.04499277330070487,0.0005988292209642571,-0.5436958876730296,-0.5073176350195615,0.9979547995030377,0.0005800877763729497,-0.5325657878179663,-0.4873601796947184
358,0.0127261443101814,-0.0028469601025352706,0.01557310441271667,0.0005996192299174345,-0.5463485757320449,-0.5080082365238732,0.9979672809256103,0.0005811157476121332,-0.533291197708181,-0.4884469195278318
359,0.0095656341829513,-0.0028701577228693515,0.012435791905820651,0.0005988469913905299,-0.5503658133746389,-0.5086375982250345,0.997959643241463,0.000582048970968891,-0.5341898616906262,-0.4895095868276846
360,-0.0284127933527475,-0.0028913218212517893,-0.025521471531495712,0.0005976476797731689,-0.5521656860944957,-0.5092260844001484,0.9979429001883471,0.0005828699556428004,-0.5351359577118825,-0.49054729722623536
361,0.0231348955001142,-0.0029104761053487505,0.02604537160546295,0.0006004480674874142,-0.5548389817579955,-0.5097623970523016,0.997914884302012,0.000583795119424096,-0.5361729589774674,-0.4915586182697126
362,-0.0093734433211645,-0.0029276837107010335,-0.006445759610463467,0.0005997998441568674,-0.5537192832502409,-0.510262667689455,0.9978928527347273,0.0005846374733573998,-0.5370964497286661,-0.4925430419233833
363,-0.0167368003731072,-0.002942901035457909,-0.013793899337649292,0.0005970377103303561,-0.5545974250472202,-0.5106806004195328,0.9978733899264137,0.000585290117408608,-0.5380175536928006,-0.4934976502652859
364,-0.0263176167265214,-0.002956294420683642,-0.023361322305837758,0.0005991224030849724,-0.5512594488921418,-0.5109258070971997,0.9978570061700694,0.0005860181324442061,-0.5387144955453975,-0.49441492167749196
365,0.0218645566608523,-0.002967989374190766,0.024832546035043066,0.0006017028798829433,-0.5531934512155973,-0.5111280961447414,0.9978335791039007,0.0005868436454672976,-0.5394765458438292,-0.49529456243892617
366,-0.0015897128042077,-0.002977993009419035,0.0013882802052113349,0.0006009826160823851,-0.5526604743190188,-0.5112340567401383,0.9978071806540475,0.0005875878018154601,-0.5401704368162076,-0.4961334831916216
367,0.003002332010932,-0.0029864129048245173,0.005988744915756517,0.000600988722739287,-0.552881658024208,-0.5114122760977666,0.9977828590159981,0.00058829311344303,-0.5408394484587339,-0.49693763018668186
368,-0.0379546084264146,-0.002993148039532566,-0.03496146038688203,0.0006056368373462451,-0.5522310234190313,-0.5117462120795393,0.9977768637258901,0.0005892059410168834,-0.5414390050355916,-0.49771702923367434
369,0.0327685177646294,-0.0029982497171191277,0.03576676748174853,0.0006108844386045371,-0.5559990722577421,-0.5121865071495144,0.997768267226001,0.0005903469145741284,-0.5422053243630733,-0.4984785807029291
370,-0.0318907671973696,-0.0030015820753953077,-0.028889185121974293,0.0006136845489266915,-0.5592105308614312,-0.5127040418155208,0.9977614075053272,0.0005915752111190002,-0.543100335231408,-0.4992272891825392
371,0.0434747954201434,-0.0030029813460866286,0.04647777676623003,0.0006225084435167328,-0.5624783171575937,-0.513374736791836,0.9977724616325658,0.0005932032759820387,-0.5441202290169967,-0.4999718916882917
372,-0.017030047007695,-0.0030020723580214863,-0.014027974649673515,0.0006232199303148413,-0.5624306170467548,-0.5140527513963863,0.9977980189110889,0.0005947830998942915,-0.5450839336501418,-0.5007129895676651
373,0.0047659447121818,-0.0029987423212992524,0.007764687033481052,0.0006233837164640716,-0.5633318938669211,-0.5147342041346862,0.9978201000033721,0.0005962883955032273,-0.5460443526089197,-0.5014509482290872
374,-0.0499100046427384,-0.0029926917159937808,-0.046917312926744614,0.0006315244346567472,-0.5612783990049356,-0.5154670603935863,0.9978763176127992,0.0005981429238797284,-0.5468461445244995,-0.5021886383430082
375,0.0048025138524127,-0.0029835309529921065,0.007786044805404806,0.0006300441492024919,-0.5586757595677553,-0.516247884378716,0.9979337369757312,0.0005998219357388213,-0.5474687558425656,-0.5029285986606771
376,0.0125051895679424,-0.0029709925939533175,0.015476182161895717,0.0006296970211085531,-0.5575915765538793,-0.5169492814561647,0.9979934172740637,0.0006013943086530177,-0.5480015358800032,-0.5036665293341238
377,-0.016956232853054,-0.0029547088291809985,-0.014001524023873002,0.0006304041122952511,-0.5587807741964991,-0.5176572250041568,0.9980396510082531,0.0006029211404236616,-0.5485688642124504,-0.5044028817378098
378,0.0210484328692646,-0.002934688553760527,0.02398312142302513,0.0006319703171593444,-0.5604944887035279,-0.518339437538705,0.9980772498345868,0.0006044500444623818,-0.5491965286593493,-0.505136384674699
379,-0.0187806299659241,-0.002910944362574906,-0.015869685603349195,0.0006327774483401142,-0.562687047072851,-0.5190842867945028,0.9981177444887335,0.0006059409604559467,-0.5499065559442704,-0.5058704847862676
380,0.0281053620643425,-0.0028836800827213432,0.03098904214706384,0.0006355075615148738,-0.562450161107565,-0.5198665745520259,0.9981578051896914,0.000607497097353785,-0.550566745689707,-0.5066071210897286
381,-0.0007351187401275,-0.0028529206857078535,0.0021178019455803535,0.0006325519183342063,-0.5613447860407155,-0.5206798106013986,0.998203424769213,0.0006088157721422283,-0.5511340109713391,-0.5073477889587639
382,-0.0152688830332269,-0.0028187124799554067,-0.012450170553271495,0.0006331342707977518,-0.5651463401884707,-0.5214776589005484,0.9982410626469576,0.0006100956931240979,-0.551871501982767,-0.5080914663241209
383,-0.0019887908833929,-0.0027810281750662944,0.0007922372916733945,0.0006237527472556692,-0.5753427470602082,-0.5227037527289324,0.998289247136663,0.0006108144854468122,-0.5531068306710534,-0.5088605340296374
384,-0.006850323497826,-0.002739821226348764,-0.004110502271477237,0.0006225317168249477,-0.5745103562281094,-0.5238286878802682,0.9983318580136062,0.0006114311818351351,-0.5542333320161617,-0.5096483316007232
385,-0.0315789914225796,-0.002695066120333382,-0.028883925302246215,0.0006178165123290995,-0.5669086532695373,-0.524805906904932,0.9983883818495217,0.0006117672518611333,-0.5549004541873921,-0.5104460987219974
386,0.0569143508725806,-0.002646871008339062,0.05956122188091966,0.0006247257096678317,-0.5660368884387923,-0.5256015619476035,0.998428526503045,0.0006124492759562228,-0.5554865823058869,-0.5112437546812398
387,-0.0466638866658337,-0.0025952505741338363,-0.044068636091699864,0.0006280266728158442,-0.5793517375572933,-0.5264265070433249,0.9984350155927532,0.0006132691389488344,-0.5567426431085926,-0.5120428469108232
388,0.0363524152770612,-0.0025403499572503084,0.03889276523431151,0.0006328607803555156,-0.585884030903064,-0.5273341846696672,0.9984317537675089,0.0006143002779702386,-0.5582764003609332,-0.5128476541612887
389,-0.028153457966611,-0.002482300828447135,-0.025671157138163866,0.0006350472186080968,-0.588195293002716,-0.5283080930038309,0.9984330730671119,0.0006153922222143364,-0.559851078921027,-0.513661361468791
390,0.0468505347602198,-0.002421367406037588,0.04927190216625739,0.0006409716208214146,-0.5892635488788193,-0.5296890349260609,0.9984619168022373,0.0006167385063515511,-0.5613991036556477,-0.5145049232297
391,-0.0433075049102366,-0.002357816081126151,-0.040949688829110445,0.0006463168983008192,-0.5941903757006213,-0.5312642156340907,0.9984978559853979,0.0006182952638225653,-0.5631249600790674,-0.5153869912509838
392,0.0255797303556612,-0.0022920272111431363,0.027871757566804337,0.0006493349942856011,-0.5978549244005354,-0.5329825685485969,0.9985389396976877,0.0006199289338469357,-0.5649528529380922,-0.5163130742666476
393,-0.0382390734545579,-0.0022242995281958407,-0.036014773926362056,0.0006536043291003913,-0.6024023723853377,-0.5348892544423001,0.9985863980794817,0.0006217013230708019,-0.5669238802774209,-0.5172907679601031
394,0.0286546195099988,-0.002155028545318366,0.030809648055317166,0.0006566025901831947,-0.6043402395204422,-0.5368425827630673,0.9986434921042029,0.0006235382318661909,-0.568893162342843,-0.5183198108444697
395,-0.039126651438691,-0.002084628625177914,-0.037042022813513084,0.0006599526149803542,-0.6062847206398566,-0.5389011991987117,0.9987078712917904,0.0006254547783458838,-0.5708611390953174,-0.5194030418104824
396,0.0356153683232475,-0.0020134294774111364,0.037628797800658635,0.0006647843410336109,-0.6097925490789995,-0.541194007685217,0.9987891716118041,0.0006275247553294485,-0.5729101606734059,-0.5205499347512579
397,-0.0487056212052165,-0.001941833590034865,-0.046763787615181636,0.0006733329930895235,-0.6138362602441123,-0.5436841302910788,0.9988785050686034,0.0006299357152115577,-0.5750641659139695,-0.5217675239901959
398,0.0516920928346518,-0.0018701789474594476,0.053562271782111245,0.0006850704771079931,-0.6199739757447951,-0.546413220293418,0.9989768535535434,0.0006328375447850543,-0.5774278401155919,-0.5230646659008918
399,-0.072803160717625,-0.0017989333614957187,-0.07100422735612928,0.0007037270862788225,-0.6270427797801901,-0.5494219134958749,0.999072179504493,0.0006365685732847263,-0.5800391527295182,-0.5244518894585226
400,0.0568813783814365,-0.001728436713226065,0.058609815094662565,0.0007136122574331612,-0.6396002332938989,-0.5527373834686083,0.9991585494137496,0.0006406235040293808,-0.583173946443433,-0.5259405996695797
401,-0.0338234314254675,-0.0016589827898851224,-0.03216444863558238,0.0007172149722919987,-0.6427687061378433,-0.5561934489894699,0.999234857819011,0.0006446546339379397,-0.586310512743139,-0.5275328548969423
402,0.0118191176748752,-0.0015905590704343407,0.01340967674530954,0.0007177622940737513,-0.643218887515179,-0.5596656583428197,0.9993066503521159,0.000648502405524035,-0.5893056903627201,-0.5292240550783044
403,-0.0268672102774079,-0.0015232761466299712,-0.02534393413077793,0.000717873539079221,-0.643656770745903,-0.5633037993816742,0.9993792033566926,0.0006521535178164133,-0.5921662735407823,-0.5310177258311133
404,0.0107521270070939,-0.0014572722131825165,0.012209399220276416,0.000718189254140711,-0.6455701661702723,-0.5669958008391416,0.999444036355229,0.0006556290828861132,-0.5949770047318081,-0.5329113087262727
405,-0.0094688860178975,-0.0013927488968439353,-0.008076137121053565,0.0007172529379734767,-0.6449987894018591,-0.5706008169902853,0.9994970392225059,0.0006588724436801851,-0.5976097302407583,-0.5348949670559576
406,-0.0155728050089113,-0.0013298273363969155,-0.014242977672514385,0.0007144492645645724,-0.6431578015785233,-0.5740380960321512,0.9995440894422566,0.0006617975395162056,-0.6000069971532722,-0.5369551317389153
407,0.0490322559715368,-0.0012689028777876877,0.050301158849324484,0.0007235083700310509,-0.6416776712277271,-0.5772439508352025,0.9995830796868875,0.0006650454779643553,-0.6022001905256119,-0.5390755959018778
408,-0.0170512798004202,-0.0012104813731556954,-0.015840798427264505,0.0007238226954577804,-0.6409486866339343,-0.5802570030759461,0.9996136386705389,0.0006681390157271672,-0.6042395850576289,-0.5412430383847235
409,0.0048141133368346,-0.0011551359811519603,0.00596924931798656,0.0007193714118121895,-0.6397196082250592,-0.5832237892113535,0.9996379418214058,0.0006708354576263789,-0.6061069546980199,-0.5434525515861252
410,0.0114871902635089,-0.0011032027360568333,0.012590392999565733,0.0007180544721961839,-0.6405261842724925,-0.5861103270450161,0.9996553901137678,0.0006733206689195265,-0.6079184930966763,-0.5456976976629089
411,-0.0155781379444463,-0.0010548697460063066,-0.014523268198439993,0.0007187333079873197,-0.6421692266225859,-0.5888213226602738,0.9996633303258851,0.0006757108078178314,-0.6097211632822506,-0.5479673621364544
412,-0.0001657383555861,-0.001010359905561174,0.000844621549975074,0.0007173133716062301,-0.6449354808410577,-0.5915655199916297,0.9996662853689533,0.0006779004164382735,-0.6115745484169247,-0.5502620020235688
413,0.0256060968839071,-0.0009697851360844574,0.026575882019991556,0.000719041288147795,-0.6427470492782248,-0.5942810960460384,0.9996673250714682,0.0006800657254756167,-0.6132152063569931,-0.5525787964458041
414,-0.0520141335541892,-0.0009331780500289033,-0.051080955504160294,0.0007278508395174221,-0.6442091165869762,-0.5969185295967705,0.9996682308425665,0.000682580731477817,-0.6148464647901501,-0.5549124666116445
415,0.0618062376885685,-0.0009003236368769834,0.06270656132544548,0.000743423550413366,-0.6498797132391075,-0.5995984855547076,0.9996667428380248,0.0006857829851060038,-0.6166903199716743,-0.55726436234549
416,-0.0648664433284798,-0.0008709798418618118,-0.06399546348661798,0.0007584723114861849,-0.6577694753412039,-0.6023446796358529,0.9996678509783864,0.0006896087391260134,-0.6188523807805969,-0.5596370106239302
417,0.0447266098323418,-0.000845188055794752,0.045571797888136555,0.0007669713427243811,-0.6629048241026914,-0.6052303043828509,0.999673318215201,0.0006936804551048749,-0.6211709304291282,-0.5620366576638735
418,-0.0080080941279641,-0.0008229695189481426,-0.007185124609015957,0.0007658038294690492,-0.6607984867521316,-0.6080055650510074,0.9996798822415498,0.0006974764221766737,-0.6232565912882336,-0.5644560738421437
419,-0.0051365851746285,-0.000804723906132127,-0.004331861268496373,0.0007656784476079888,-0.661320989035986,-0.6107077609886535,0.999686401322938,0.0007010660024625324,-0.6252599806433785,-0.5668903731656442
420,-0.0242569380698861,-0.0007909099934539236,-0.023466028076432176,0.0007635021848400808,-0.6574452502940871,-0.6130273023417742,0.9996888399715023,0.0007043521173245086,-0.6269539422039422,-0.5693186325959668
421,0.0837156748833213,-0.0007820386205842896,0.08449771350390559,0.0007834217552595486,-0.6499265494331323,-0.6153220979337717,0.9996894777043214,0.0007085136772158266,-0.6281630267949523,-0.5717398676137461
422,-0.0655366128882163,-0.0007782512531676232,-0.06475836163504868,0.0007885629489035939,-0.6564239113209038,-0.617813125263889,0.9996773864965527,0.0007127267967783407,-0.6296504417700024,-0.574164775911122
423,0.0647123566669543,-0.0007795984758246613,0.06549195514277896,0.0008011544081110403,-0.6667252931045845,-0.6206720701219003,0.9996613677453424,0.0007173808815853249,-0.6316017497349804,-0.5766125282380051
424,-0.0491642245224013,-0.0007859943464958523,-0.04837823017590545,0.0008103700390326683,-0.6716306126386145,-0.6236910504490489,0.9996572838676248,0.0007222750477667642,-0.6337085319930664,-0.5790903451964812
425,0.020137646758198,-0.0007974051177478883,0.02093505187594589,0.0008120978613189835,-0.6737373377236968,-0.6266189602585033,0.9996463736761025,0.0007270025642695125,-0.635815311242047,-0.5815918512523771
426,-0.0106250749954867,-0.0008135940961741965,-0.009811480899312504,0.0008098867005149352,-0.6729936644322704,-0.6293912461019521,0.9996290546136637,0.000731364887229798,-0.6377720666731115,-0.584107608876039
427,-0.002499796403087,-0.0008341787597646517,-0.0016656176433223482,0.0007982939228557997,-0.6729151211194313,-0.6318623446751535,0.999610209147154,0.0007348874680522192,-0.6396217011176547,-0.5866210160233608
428,0.0254207322682547,-0.0008587832530547635,0.026279515521309464,0.0007995068861826795,-0.6713840431172676,-0.6341094182527943,0.9995912970941195,0.0007382884900590856,-0.6412934033281606,-0.5891204056143836
429,-0.0121525795060364,-0.0008870097537636773,-0.011265569752272723,0.0007927272886524447,-0.6765586113788574,-0.6363538271728381,0.9995748187109748,0.0007411536899850519,-0.6431494669097763,-0.5916063751700917
430,0.0283619535207692,-0.000918509060702514,0.029280462581471715,0.0007958560306722078,-0.6770223011814556,-0.6384118684430586,0.999555416966722,0.0007440327605475337,-0.6449322476609174,-0.5940698221844584
431,-0.0259423525526552,-0.0009529316126161735,-0.024989420940039028,0.0007982210707179493,-0.6816773123571969,-0.6403967463449343,0.9995378929407743,0.0007468847768722925,-0.6468661984344058,-0.5965080813507992
432,0.0214331863623867,-0.0009901575028014615,0.022423343865188163,0.000794923042667791,-0.6819480978992949,-0.6423572411999007,0.9995279682027806,0.0007494131066510029,-0.6487126141957159,-0.5989211950270678
433,-0.0223748706161097,-0.001029903748916842,-0.02134496686719286,0.0007953141739733817,-0.6834407743651533,-0.6442348517815363,0.9995227907711042,0.0007518289522995492,-0.6505404120993705,-0.6013061243299346
434,0.0070400699125173,-0.0010721696338744406,0.008112239546391741,0.0007955657763234357,-0.6869513501596236,-0.6459731550439982,0.9995166143288452,0.0007541308904060696,-0.6524567772604365,-0.6036570206833064
435,0.0274801925097529,-0.0011166680443191507,0.02859686055407205,0.0007900262291768231,-0.686709672129476,-0.6475657577549557,0.9995145099738202,0.0007560201187624251,-0.6542595612009123,-0.6059680068449722
436,-0.0268396965771841,-0.001163302774084146,-0.025676393803099953,0.0007926014104900781,-0.6894189496210067,-0.6488804643819268,0.9995113284305108,0.0007579454499059858,-0.6561100553282858,-0.608226557241654
437,0.0514308424370031,-0.0012117704697569597,0.052642612906760054,0.0008017178216988179,-0.6894742733179515,-0.6499407531107194,0.9995129332293564,0.0007602492589477138,-0.6578660668014261,-0.6104220412347627
438,-0.0388714688492999,-0.0012618743377232628,-0.03760959451157664,0.0008039945541982522,-0.6922792643042726,-0.6509842369589117,0.9995163281829674,0.0007625516429082685,-0.6596772877226286,-0.612556893641297
439,0.0464623155131742,-0.001348283648554194,0.0478105991617284,0.0008124761743206617,-0.69696177306612,-0.6521284966908376,0.9995225456518955,0.0007651792498247102,-0.6616396290564966,-0.6146396095912727
440,-0.0777756927609115,-0.0014351921420145545,-0.07634050061889694,0.0008344507479982452,-0.7002026814929386,-0.6533017130798726,0.999529848720788,0.0007688251181496332,-0.6636692633952568,-0.6166744571433044
441,0.043879584304831,-0.0015236987439613174,0.04540328304879232,0.0008397664841257514,-0.7022488310641557,-0.6546069467818446,0.9995365264332279,0.0007725588742536394,-0.6656997669567778,-0.6186709039663855
442,-0.0190499824640963,-0.0016139708232475061,-0.017436011640848792,0.000836564690546736,-0.70661490330809,-0.6560363362128188,0.9995457349771083,0.0007759276014269604,-0.6678531951857942,-0.6206375056635662
443,0.0180496645152893,-0.001705822249564021,0.019755486764853322,0.0008372891057587477,-0.7068274027706164,-0.6576042763320262,0.9995544711891602,0.0007791571542865282,-0.669904469269206,-0.6225831251724325
444,-0.0059283783206519,-0.0017989518042076569,-0.004129426516444243,0.0008345419370289216,-0.7056065337921315,-0.6593470264314277,0.9995668150359356,0.0007820721428519173,-0.6717835252967285,-0.6245180673439586
445,0.010207041828637,-0.0018930970315044167,0.012100138860141416,0.0008324569171077358,-0.7085803687838426,-0.6611771049750903,0.9995796482204884,0.0007847239730759078,-0.6737202012697345,-0.6264474903771762
446,-0.0268015178146349,-0.001988061608626087,-0.024813456206008815,0.000834310911496617,-0.7087039766155361,-0.6630091033699077,0.9995946225376923,0.0007873338119401557,-0.6755614526037241,-0.6283717857978462
447,0.0358193038414111,-0.0020837211566725015,0.037903024998083595,0.0008361198849459107,-0.7093946092555907,-0.6648626953874308,0.9996143199437243,0.0007899014999930902,-0.6773421450590856,-0.6302923599867718
448,-0.0561253253845157,-0.0021799920287382613,-0.05394533335577744,0.0008468195268871949,-0.7133932372545735,-0.6667644500592366,0.9996316048439051,0.0007928971856190957,-0.6792395709641114,-0.6322119436747963
449,0.0500822292437384,-0.0022768502930441423,0.052359079536782545,0.0008571862178406291,-0.7176804534851982,-0.6687301617503336,0.9996510017898854,0.0007962808188939133,-0.6812627753073265,-0.6341339551524562
450,-0.0343945407135332,-0.0023742815357080936,-0.032020259177825104,0.0008613019541389266,-0.7224962736207886,-0.6708174609472641,0.9996710122098715,0.0007997029839068088,-0.6834329594290878,-0.6360646659837619
451,0.0278648176100675,-0.0024723064190281517,0.030337124029095653,0.0008550338071521994,-0.7246215647864651,-0.6729924981635724,0.9996933355746065,0.0008026151324986714,-0.6856007807636866,-0.6380082360984888
452,-0.0297762618951103,-0.0025709414836830764,-0.027205320411427224,0.0008570559610288126,-0.7254842566841816,-0.6752169651367993,0.9997134751148868,0.0008054804392634157,-0.6876999110752917,-0.6399665902583999
453,0.0355394145645504,-0.0026702196174047325,0.03820963418195513,0.0008622805992579741,-0.7267121386216518,-0.6774069284164934,0.999728872615472,0.0008084699213683924,-0.6897531862093107,-0.6419371343719837
454,-0.0113325659935844,-0.0027701641175552844,-0.008562401876029115,0.0008594806519447246,-0.7246834545593338,-0.6794104021026854,0.9997426114858057,0.0008111546966618837,-0.6915916213856277,-0.643909411620968
455,-0.0238086548884229,-0.0028708147634879965,-0.020937840124934902,0.0008523593031924771,-0.725908995094583,-0.6813679919769347,0.9997554564293061,0.0008133233601634939,-0.693397798949257,-0.6458809158502294
456,0.033694953602146,-0.0029722010801491883,0.036667154682295186,0.00085755860596844,-0.7268240776356557,-0.6832781673358979,0.9997667017957295,0.0008156515309953332,-0.695157076774857,-0.647849192244212
457,-0.0388139310868794,-0.00307433684659738,-0.03573959424028202,0.0008615406090551576,-0.7283416745731889,-0.6851315750347944,0.9997804531904777,0.000818066745630061,-0.6969036345537167,-0.6498114229174006
458,0.0554931895854538,-0.0031772456241626595,0.05867043520961646,0.0008746153839259527,-0.7303281819018914,-0.6870161937343182,0.9998006370110903,0.0008210429897508974,-0.6986628212562522,-0.6517695687498699
459,-0.0519072370898163,-0.003280936237987198,-0.048626300851829105,0.0008812287970495294,-0.732622087598771,-0.688889940651144,0.999821736065818,0.0008242106638192464,-0.7004501510637532,-0.6537232725341475
460,0.0511575986805372,-0.0033854255559718936,0.05454302423650909,0.0008883520818451261,-0.73849959454802,-0.6906690977507353,0.9998394338444476,0.0008275865279258718,-0.7024527533523989,-0.6556677896508101
461,-0.0752904071634727,-0.0034907152642298213,-0.07179969189924287,0.0009092768316326884,-0.7435287092332916,-0.6924336741391551,0.9998526873347576,0.0008318860175946516,-0.7046146457671827,-0.6576028362028282
462,0.0454748273380235,-0.0035968167787828035,0.049071644116806305,0.0009174089859105294,-0.7497424278317552,-0.6942359331585751,0.9998625485583318,0.000836387226453382,-0.7069897921916339,-0.6595308939373412
463,-0.0658531895267215,-0.0037037328702421313,-0.06214945665647938,0.0009310735965900915,-0.7531998854878741,-0.6962093418580253,0.999872500482139,0.000841370719618472,-0.7094219023651203,-0.6614613385647456
464,0.0189100102850185,-0.0038114761314865736,0.022721486416505073,0.000933036011324635,-0.7520764315476158,-0.6982463525427935,0.9998809849350374,0.0008461952086556386,-0.7116668775852517,-0.6633973919320114
465,-0.0516774173793946,-0.003920045763339158,-0.04775737161605544,0.0009422514848048356,-0.752182549648802,-0.7004473368561901,0.9998888064872262,0.0008512508021371753,-0.7137992813780701,-0.665347389033284
466,0.0626043413949943,-0.004029442776474829,0.06663378417146912,0.0009599436715520435,-0.7558921090668884,-0.7026720427919293,0.999895583515755,0.0008569714794747999,-0.7160146933616922,-0.6673118444942654
467,-0.0637119965992149,-0.004139654257053545,-0.05957234234216136,0.0009713661428349764,-0.7617421879842212,-0.7050478408168064,0.9999003631709971,0.0008629922512305988,-0.7184214036049833,-0.6692979495638729
468,0.0789042208828326,-0.0042506743601658644,0.08315489524299846,0.0009988789449115942,-0.7658864633664048,-0.7075027765694489,0.9999056856053112,0.0008701441824769669,-0.7209195646450582,-0.6713087299325874
469,-0.0550946945526661,-0.004362484702560748,-0.050732209850105354,0.0010079547975257025,-0.7684364510347977,-0.709933027558765,0.9999083452338668,0.0008773973727426898,-0.7234204534024129,-0.6733415877023863
470,0.0649017495967943,-0.004475067608019181,0.06937681720481348,0.001027020656016749,-0.7716155288249739,-0.712471002650324,0.9999112010482191,0.0008852722823886929,-0.7259570363193899,-0.6754010305943831
471,-0.0959304332540201,-0.004588392987149925,-0.09134204026687018,0.0010585488615968367,-0.7764643782785908,-0.7151685883813748,0.9999156212174649,0.0008943921023470163,-0.7286153174751374,-0.6774940599515932
472,0.1040969937494257,-0.004702441515605092,0.10879943526503079,0.0010959476025454234,-0.7843564333037849,-0.718032609652943,0.9999189237419277,0.0009050002865679853,-0.7315490604134873,-0.6796276678306116
473,-0.0854502720683407,-0.004817192718384688,-0.08063307934995602,0.0011197457584883506,-0.790298489397108,-0.7210645551756847,0.999922981175483,0.0009163026798269519,-0.7346411356231516,-0.681808556638247
474,0.1054919058822485,-0.004932622692187427,0.11042452857443592,0.0011681248206292598,-0.7957603059464318,-0.7243823182343004,0.9999287179458325,0.000929556476711284,-0.737857934061219,-0.6840492809327762
475,-0.1138921746455519,-0.005048697873820843,-0.10884347677173106,0.0012155277095187475,-0.8047686378365804,-0.727872206033366,0.9999346889486247,0.0009446075942274664,-0.741379550049396,-0.6863557506749125
476,0.0944359401924735,-0.005165383406140799,0.0996013235986143,0.0012487764805250191,-0.810390033030838,-0.7314848493917333,0.9999421326408173,0.0009606164829799691,-0.7450116807326298,-0.6887309663968504
477,-0.0811355028274299,-0.005282646313990577,-0.07585285651343933,0.0012619009306551127,-0.813886275794495,-0.7351352552668606,0.9999493720949307,0.0009764735591733977,-0.7486366594200965,-0.6911732973900089
478,0.074050628936542,-0.005400454015699672,0.07945108295224168,0.0012832978428007904,-0.8185091123515623,-0.738809440005974,0.9999556372078229,0.0009926222056801026,-0.7523141569428053,-0.6936804627908493
479,-0.048878388472579,-0.005518766071795174,-0.04335962240078382,0.0012909985351954021,-0.8188600935472342,-0.7424246215086945,0.999962109114354,0.0010083262230230132,-0.7558165746588279,-0.6962459448286307
480,-0.0121858684349175,-0.005637547469191751,-0.006548320965725749,0.0012911773523406546,-0.8158509973718987,-0.7458283624137402,0.9999666467015926,0.001023213124566047,-0.7589762811174106,-0.6988555457541628
481,-0.0038145208292234,-0.005756747553980745,0.0019422267247573453,0.0012894463386858219,-0.8157698890009273,-0.7491064715998794,0.9999696366273547,0.0010372253989934035,-0.7619654183744378,-0.70150033132499
482,0.0441906025473461,-0.005876309367139371,0.05006691191448547,0.0012987450252281655,-0.8123338874601641,-0.7523218199562234,0.9999736950244347,0.0010509895898478646,-0.7646163904315812,-0.7041751465161076
483,-0.0201675230625265,-0.005996183579960601,-0.0141713394825659,0.0012978597221584565,-0.8115434409448568,-0.755495594462563,0.999977202023544,0.001063982754706317,-0.7670862351954378,-0.7068762227238158
484,0.0424372521442128,-0.006116341100679248,0.04855359324489205,0.0013070951390895412,-0.8106134339214774,-0.7586294381194719,0.9999804006100903,0.0010767781433580657,-0.7693771403915453,-0.7096000761656924
485,-0.0414015244464005,-0.006236755575166245,-0.03516476887123426,0.0013121650160787387,-0.8120093670831385,-0.7617457054237304,0.9999835972841632,0.001089166926132838,-0.771620941796366,-0.712344582968747
486,0.0137132326760202,-0.006357415525200746,0.020070648201220946,0.0013124040129616765,-0.8126365975074131,-0.7647533456215931,0.9999864072686387,0.0011009162464922506,-0.7737796605180001,-0.7151029388978442
487,0.021111697038117,-0.006478300119938522,0.027589997158055525,0.0013152885275902503,-0.8097171023803817,-0.7676286808143487,0.9999891109315732,0.0011121989981289875,-0.7756711048265466,-0.7178674516302918
488,0.0056150761343014,-0.0065994013084379475,0.012214477442739347,0.0013157528267047388,-0.8079806972585563,-0.7704924649368661,0.9999914797805265,0.0011229123575277112,-0.7773716096913893,-0.7206371891727431
489,-0.0125563492650711,-0.006720732703578581,-0.005835616561492519,0.001314342274268449,-0.8077552969124364,-0.7732854201371061,0.9999929606990461,0.0011329876163035395,-0.7789707511240761,-0.7234081486971833
490,-0.0113853238005526,-0.006842318776946714,-0.004543005023605886,0.0013111943050090377,-0.8074428738100852,-0.775993489507166,0.9999937226703465,0.001142366915709092,-0.780469283897024,-0.7261757982134982
491,-0.001273096625451,-0.006964180920983373,0.005691084295532374,0.001299803983080987,-0.8073738827792754,-0.7787168122036431,0.9999939102637613,0.0011506530771497182,-0.7818853154171425,-0.7289411147392953
492,-0.0192896338654767,-0.0070863371898595325,-0.012203296675617169,0.0012973244228205864,-0.8079805557179525,-0.7815136769584784,0.9999938882242811,0.0011583726216587114,-0.7832587491171852,-0.7317080916981997
493,0.0085764730665942,-0.007208806517599524,0.015785279584193724,0.0012981767507879245,-0.8081177483921539,-0.7843702792504732,0.9999934515547468,0.0011657307337181438,-0.7845671175000782,-0.7344797857798984
494,-0.0489072690243013,-0.0073316030564747805,-0.04157566596782652,0.001305315592361061,-0.8076469646841627,-0.7872592805878176,0.9999919368993266,0.0011730773052256657,-0.7857818462992406,-0.7372576539276836
495,0.0687224132070201,-0.00745474411495165,0.07617715732197175,0.0013280790166205368,-0.8082332351571463,-0.7900935186462502,0.9999889251054559,0.001181235290035922,-0.7869634983443936,-0.7400384889128714
496,-0.0430820338953995,-0.007578231882506951,-0.03550380201289255,0.0013333428292540525,-0.8081032286289702,-0.7928714864115531,0.9999851820602913,0.001189240949994771,-0.7880761157277925,-0.7428191729917494
497,0.0275590637505353,-0.007702073923673749,0.03526113767420905,0.0013375695993945102,-0.8100477684412498,-0.7955335597786503,0.9999808414962623,0.0011970477210158101,-0.7892325185021849,-0.7455936144015863
498,-0.0049186254442692,-0.007826266489150267,0.0029076410448810675,0.0013284256272386378,-0.8078137028723752,-0.7980002657683455,0.9999749067663218,0.0012039623476591168,-0.7902104755743002,-0.7483518592103632
499,-0.0216355786684489,-0.007950822814437628,-0.013684755854011271,0.0013252377502863395,-0.8079486069759647,-0.8002995968601955,0.9999682511157142,0.0012103452635868653,-0.7911440614375458,-0.7510859506656176
500,-0.0255529072102426,-0.008075761102696272,-0.01747714610754633,0.0013085878619193447,-0.8074915169272832,-0.8025753493760818,0.999959990653949,0.0012155159266569958,-0.7920044538317426,-0.7537959190187998
501,0.0799367208836431,,,,,,,,,
502,-0.0771313979358996,,,,,,,,,
503,0.0957040646729924,,,,,,,,,
504,-0.0842672557271817,,,,,,,,,
505,0.1005468226076864,,,,,,,,,
506,-0.0964266702380602,,,,,,,,,
507,0.0937636910616978,,,,,,,,,
508,-0.0964868965012263,,,,,,,,,
509,0.0906681398179605,,,,,,,,,
510,-0.0925867867535727,,,,,,,,,
511,0.0742481877350746,,,,,,,,,
512,-0.0868564899043771,,,,,,,,,
513,0.106377610768074,,,,,,,,,
514,-0.1166567276278397,,,,,,,,,
515,0.0994065264291939,,,,,,,,,
516,-0.1077089859953845,,,,,,,,,
517,0.1152974655803729,,,,,,,,,
518,-0.1335591275809171,,,,,,,,,
519,0.1674992627875962,,,,,,,,,
520,-0.1454015849121127,,,,,,,,,
521,0.1275326973607465,,,,,,,,,
522,-0.1048288975039483,,,,,,,,,
523,0.0894700552694353,,,,,,,,,
524,-0.1034910466478525,,,,,,,,,
525,0.1191514885810158,,,,,,,,,
526,-0.1403718590621237,,,,,,,,,
527,0.132290949093532,,,,,,,,,
528,-0.1417940719346647,,,,,,,,,
529,0.1018593365137536,,,,,,,,,
530,-0.0818616122394459,,,,,,,,,
531,0.0870352613111251,,,,,,,,,
532,-0.0958881099360241,,,,,,,,,
533,0.1070611302879474,,,,,,,,,
534,-0.1295672978229742,,,,,,,,,
535,0.140523887741661,,,,,,,,,
536,-0.1862826236137023,,,,,,,,,
537,0.1820117111769668,,,,,,,,,
538,-0.1913524309611654,,,,,,,,,
539,0.1559806835466016,,,,,,,,,
540,-0.1681317663889338,,,,,,,,,
541,0.1778155773446026,,,,,,,,,
542,-0.1773174840579517,,,,,,,,,
543,0.1962112694724226,,,,,,,,,
544,-0.2023061323489313,,,,,,,,,
545,0.209181638274597,,,,,,,,,
546,-0.2127340095013999,,,,,,,,,
547,0.1910830309980044,,,,,,,,,
548,-0.2202191646164398,,,,,,,,,
549,0.2051642657828938,,,,,,,,,
550,-0.1982098666513282,,,,,,,,,
551,0.2105709800123072,,,,,,,,,
552,-0.2066692428617964,,,,,,,,,
553,0.2335096674977267,,,,,,,,,
554,-0.2255675401895499,,,,,,,,,
555,0.2370132991595058,,,,,,,,,
556,-0.2236975569748377,,,,,,,,,
557,0.2332804008690159,,,,,,,,,
558,-0.252666684874602,,,,,,,,,
559,0.2725079332426768,,,,,,,,,
560,-0.3021429525556367,,,,,,,,,
561,0.2904132113031196,,,,,,,,,
562,-0.2604865894541857,,,,,,,,,
563,0.2711660428915386,,,,,,,,,
564,-0.2794206525161906,,,,,,,,,
565,0.2687800369039416,,,,,,,,,
566,-0.2606819670985134,,,,,,,,,
567,0.3068143769268707,,,,,,,,,
568,-0.3129606458902877,,,,,,,,,
569,0.3126131348595752,,,,,,,,,
570,-0.3173769231034895,,,,,,,,,
571,0.3443863314125098,,,,,,,,,
572,-0.3427610818479515,,,,,,,,,
573,0.3556559966872931,,,,,,,,,
574,-0.3610870402043659,,,,,,,,,
575,0.3469714525921847,,,,,,,,,
576,-0.3571665681673344,,,,,,,,,
577,0.3566939785282337,,,,,,,,,
578,-0.3640421066377742,,,,,,,,,
579,0.310225758543467,,,,,,,,,
580,-0.3112379271912768,,,,,,,,,
581,0.2927850722829579,,,,,,,,,
582,-0.3242240024319803,,,,,,,,,
583,0.3508310965581848,,,,,,,,,
584,-0.3257544161159756,,,,,,,,,
585,0.3640765847123787,,,,,,,,,
586,-0.3686670308789706,,,,,,,,,
587,0.3966316640843426,,,,,,,,,
588,-0.3941101309054254,,,,,,,,,
589,0.3690885262424151,,,,,,,,,
590,-0.4001688719441025,,,,,,,,,
591,0.3808890459575973,,,,,,,,,
592,-0.3963824565553016,,,,,,,,,
593,0.3877553620111477,,,,,,,,,
594,-0.413724766782629,,,,,,,,,
595,0.4101050030113431,,,,,,,,,
596,-0.3857805897052482,,,,,,,,,
597,0.3604097054594258,,,,,,,,,
598,-0.3334866062049922,,,,,,,,,
599,0.3335193524475141,,,,,,,,,
