omega,lambda=-0.125,lambda=-0.5,lambda=-0.75,lambda=-0.875
-5.3,0.1378897769382296,0.08820505806401165,0.06647905361166097,0.05817534229880525
-5.29,0.13813962150195322,0.08861514981263019,0.06682869159811394,0.05848774981498071
-5.28,0.13839201575315338,0.08903179200140555,0.06718434952065311,0.05880560686708323
-5.27,0.13864695731864127,0.08945507356550854,0.06754612495713024,0.059129004332780497
-5.26,0.13890444363803658,0.08988508527328526,0.06791411784924084,0.059458035348183426
-5.25,0.13916447195810608,0.09032191976351658,0.06828843056505206,0.05979279536983706
-5.24,0.13942703932701536,0.09076567158356376,0.06866916796354952,0.060133382238792076
-5.2299999999999995,0.13969214258849488,0.09121643722842132,0.069056437461276,0.06047989624683578
-5.22,0.1399597783759182,0.09167431518069649,0.06945034910113743,0.060832440204963964
-5.21,0.1402299431062946,0.09213940595153648,0.06985101562345462,0.061191119514179416
-5.2,0.1405026329741742,0.0926118121225237,0.07025855253934232,0.06155604223870529
-5.1899999999999995,0.14077784394546622,0.09309163838856083,0.07067307820650097,0.06192731918170678
-5.18,0.14105557175117084,0.09357899160176668,0.07109471390750953,0.06230506396361756
-5.17,0.1413358118810245,0.0940739808164057,0.07152358393071222,0.06268939310317248
-5.16,0.14161855957705854,0.0945767173348725,0.07195981565379454,0.06308042610125186
-5.1499999999999995,0.1419038098270716,0.09508731475475467,0.07240353963014957,0.06347828552764784
-5.14,0.14219155735801656,0.09560588901699639,0.0728548896781383,0.06388309711086759
-5.13,0.14248179662930174,0.09613255845518685,0.07331400297335361,0.06429498983109469
-5.12,0.1427745218260073,0.09666744384599636,0.07378102014400048,0.06471409601643338
-5.109999999999999,0.14306972685201677,0.09721066846078422,0.07425608536951128,0.06514055144256771
-5.1,0.14336740532306516,0.09776235811840277,0.0747393464825193,0.06557449543597302
-5.09,0.14366755055970384,0.0983226412392221,0.07523095507431932,0.06601607098082356
-5.08,0.14397015558018272,0.0988916489003996,0.0757310666039491,0.06646542482974614
-5.069999999999999,0.14427521309325103,0.09946951489241983,0.07623984051103196,0.06692270761857762
-5.06,0.14458271549087762,0.10005637577692908,0.07675744033252656,0.06738807398529015
-5.05,0.1448926548408916,0.10065237094589113,0.0772840338235364,0.06786168269325726
-5.04,0.14520502287954445,0.1012576426820879,0.07781979308233797,0.06834369675904008
-5.029999999999999,0.14551981100399508,0.10187233622099198,0.07836489467979395,0.06883428358488294
-5.02,0.14583701026471882,0.1024965998140355,0.07891951979332454,0.06933361509611612
-5.01,0.14615661135784205,0.10313058479330178,0.07948385434561901,0.06984186788367253
-5.0,0.14647860461740422,0.10377444563766454,0.08005808914827571,0.07035922335193548
-4.99,0.146802980007548,0.10442834004040054,0.08064242005056904,0.07088586787214472
-4.9799999999999995,0.1471297271146406,0.10509242897830105,0.08123704809354991,0.07142199294159918
-4.97,0.14745883513932703,0.10576687678230667,0.08184217966969533,0.07196779534890639
-4.96,0.14779029288851814,0.1064518512096915,0.08245802668833384,0.07252347734554074
-4.95,0.1481240887673151,0.10714752351781992,0.08308480674708195,0.07308924682398522
-4.9399999999999995,0.14846021077087257,0.10785406853950114,0.0837227433095391,0.0736653175027455
-4.93,0.14879864647620342,0.1085716647599643,0.0843720658894991,0.07425190911853873
-4.92,0.14913938303392682,0.10930049439547854,0.08503301024194897,0.07484924762597567
-4.91,0.14948240715996342,0.11004074347363844,0.0857058185611371,0.07545756540506914
-4.8999999999999995,0.14982770512717894,0.11079260191533874,0.08639073968600719,0.07607710147691996
-4.89,0.15017526275698068,0.1115562636184565,0.08708802931330757,0.0767081017279485
-4.88,0.15052506541086924,0.11233192654326335,0.08779795021870093,0.07735081914305932
-4.87,0.1508770979819488,0.11311979279958341,0.08852077248621307,0.07800551404814546
-4.859999999999999,0.15123134488639925,0.11392006873571622,0.08925677374637757,0.0786724543623607
-4.85,0.15158779005491435,0.11473296502913895,0.0900062394234484,0.07935191586060933
-4.84,0.15194641692410915,0.11555869677900343,0.09076946299207211,0.08004418244672792
-4.83,0.15230720842790066,0.11639748360043894,0.0915467462438278,0.08074954643785638
-4.82,0.15267014698886594,0.11724954972067154,0.09233839956406523,0.08146830886052348
-4.81,0.15303521450958216,0.11811512407696828,0.09314474221949047,0.08220077975899921
-4.8,0.15340239236395237,0.1189944404164109,0.09396610265697142,0.08294727851649523
-4.79,0.1537716613885223,0.11988773739750327,0.09480281881405861,0.08370813418982746
-4.779999999999999,0.15414300187379296,0.12079525869361087,0.09565523844174008,0.08448368585818551
-4.77,0.1545163935555332,0.12171725309822937,0.09652371943997587,0.08527428298669075
-4.76,0.1548918156060988,0.12265397463207646,0.09740863020658534,0.08608028580546156
-4.75,0.15526924662576208,0.12360568265199387,0.09831035000008624,0.08690206570494213
-4.74,0.15564866463405883,0.12457264196164625,0.09922926931711826,0.08774000564829539
-4.7299999999999995,0.15603004706115708,0.12555512292399584,0.10016579028511279,0.08859450060170314
-4.72,0.15641337073925524,0.12655340157552866,0.10112032707090511,0.08946595798346432
-4.71,0.15679861189401412,0.1275677597422018,0.10209330630602154,0.09035479813283315
-4.7,0.15718574613603054,0.1285984851570751,0.10308516752940906,0.09126145479958979
-4.6899999999999995,0.15757474845235847,0.12964587157958446,0.10409636364841693,0.09218637565539575
-4.68,0.1579655931980845,0.13071021891640683,0.10512736141887925,0.09313002282804363
-4.67,0.15835825408796522,0.1317918333438603,0.1061786419451941,0.09409287345977733
-4.66,0.15875270418813275,0.13289102743177209,0.10725070120133745,0.09507542029092424
-4.6499999999999995,0.15914891590787708,0.13400812026874126,0.10834405057380327,0.0960781722701556
-4.64,0.15954686099151155,0.13514343758871095,0.10945921742750984,0.09710165519276728
-4.63,0.15994651051033074,0.13629731189875707,0.11059674569577031,0.09814641236845649
-4.62,0.1603478348546675,0.13747008260798635,0.11175719649547976,0.09921300532015541
-4.609999999999999,0.16075080372605868,0.13866209615742708,0.11294114876873608,0.10030201451557949
-4.6,0.1611553861295267,0.13987370615078146,0.11414919995217415,0.10141404013324405
-4.59,0.16156155036598732,0.14110527348589622,0.11538196667536425,0.1025497028648137
-4.58,0.16196926402479084,0.14235716648679062,0.11664008548969465,0.10370964475575759
-4.57,0.1623784939764074,0.14362976103606712,0.11792421362923908,0.10489453008640925
-4.56,0.16278920636526478,0.14492344070751245,0.11923502980518891,0.10610504629565685
-4.55,0.1632013666027482,0.14623859689867622,0.12057323503551641,0.10734190494962867
-4.54,0.16361493936037316,0.1475756289631984,0.12193955351162923,0.10860584275788816
-4.529999999999999,0.1640298885631396,0.1489349443426305,0.12333473350386849,0.10989762263980903
-4.52,0.1644461773830786,0.1503169586974761,0.12475954830781003,0.11121803484397194
-4.51,0.164863768233002,0.15172209603715223,0.12621479723343576,0.11256789812360746
-4.5,0.16528262276046513,0.15315078884854275,0.12770130663935508,0.11394806097130035
-4.49,0.16570270184195351,0.15460347822279177,0.12921993101438223,0.11535940291638348
-4.4799999999999995,0.16612396557730458,0.15608061397995168,0.13077155410890262,0.11680283588867044
-4.47,0.16654637328437558,0.15758265479106973,0.1323570901185992,0.11827930565241597
-4.46,0.16696988349396888,0.15911006829726326,0.1339774849232575,0.11978979331465367
-4.45,0.16739445394502614,0.16066333122529464,0.13563371738351926,0.12133531691233178
-4.4399999999999995,0.16782004158010277,0.16224292949912117,0.13732680069862285,0.12291693308297043
-4.43,0.16824660254113485,0.16384935834685016,0.13905778382833922,0.1245357388238783
-4.42,0.1686740921655104,0.16548312240248908,0.14082775298250225,0.1261928733453148
-4.41,0.1691024649824564,0.16714473580182773,0.14263783318172182,0.12788952002334777
-4.3999999999999995,0.1695316747097546,0.1688347222717439,0.14448918989308335,0.12962690845855915
-4.39,0.16996167425079794,0.17055361521216728,0.14638303074485454,0.13140631664717642
-4.38,0.17039241569199967,0.17230195776988128,0.1483206073244594,0.13322907327167216
-4.37,0.17082385030056882,0.17408030290327892,0.15030321706422345,0.1350965601183667
-4.359999999999999,0.17125592852266297,0.17588921343712685,0.1523322052196674,0.13701021463011193
-4.35,0.171688599981932,0.17772926210632137,0.15440896694540032,0.13897153260270803
-4.34,0.1721218134784659,0.17960103158754942,0.15653494947397203,0.14098207103433671
-4.33,0.17255551698815777,0.18150511451768697,0.15871165440335247,0.1430434511379635
-4.32,0.1729896576624964,0.18344211349768902,0.1609406400990535,0.14515736152739991
-4.31,0.1734241818288006,0.18541264108063665,0.16322352421726216,0.1473255615885027
-4.3,0.17385903499090716,0.18741731974251458,0.16556198635573663,0.14954988504784464
-4.29,0.17429416183032745,0.1894567818341993,0.16795777083962696,0.15183224375212148
-4.279999999999999,0.1747295062078825,0.19153166951302944,0.17041268964980438,0.154174631672559
-4.27,0.1751650111658314,0.19364263465222695,0.1729286255017488,0.1565791291496792
-4.26,0.1756006189305049,0.19579033872632393,0.1755075350835284,0.15904790739496677
-4.25,0.17603627091545643,0.1979754526706251,0.17815145246191638,0.16158323326725638
-4.24,0.1764719077251429,0.20019865671261566,0.1808624926662458,0.16418747434306302
-4.2299999999999995,0.1769074691591483,0.2024606401730879,0.18364285546017964,0.1668631043015897
-4.22,0.1773428942169612,0.20476210123462127,0.18649482931219186,0.16961270864679773
-4.21,0.17777812110331873,0.2071037466749087,0.18942079557621427,0.1724389907907255
-4.199999999999999,0.17821308723412851,0.20948629156226176,0.19242323289459032,0.17534477852418928
-4.1899999999999995,0.17864772924297972,0.21191045891047447,0.19550472183622142,0.17833303090314181
-4.18,0.1790819829882556,0.21437697929005844,0.19866794978356933,0.18140684558128856
-4.17,0.17951578356085682,0.21688659039268313,0.20191571608299924,0.18456946662209692
-4.16,0.17994906529254792,0.21944003654548191,0.20525093747382933,0.18782429282611554
-4.1499999999999995,0.18038176176493625,0.22203806817169378,0.20867665381237263,0.19117488661255022
-4.14,0.18081380581909348,0.22468144119391623,0.21219603410823273,0.19462498349735993
-4.13,0.18124512956583025,0.2273709163760502,0.21581238289115054,0.19817850221377678
-4.12,0.181675664396632,0.23010725859980444,0.21952914692777725,0.20183955552512323
-4.109999999999999,0.18210534099526585,0.2328912360714225,0.22334992230890025,0.20561246178417478
-4.1,0.18253408935006585,0.23572361945407427,0.22727846192884518,0.2095017572980977
-4.09,0.18296183876690644,0.23860518092113903,0.23131868338004646,0.21351220956325975
-4.08,0.18338851788286897,0.24153669312537557,0.23547467728709073,0.21764883143998007
-4.07,0.1838140546806105,0.2445189280787558,0.23975071610592993,0.22191689634365536
-4.06,0.18423837650344005,0.247552655937507,0.24415126341539548,0.22632195453568962
-4.05,0.18466141007110803,0.2506386436866803,0.24868098372964365,0.23086985060537138
-4.04,0.18508308149631514,0.25377765371834254,0.253344752861723,0.23556674224234753
-4.029999999999999,0.18550331630194333,0.2569704422972572,0.2581476688700427,0.24041912040871988
-4.02,0.18592203943901484,0.2602177579077133,0.2630950636211788,0.24543383103016572
-4.01,0.18633917530538113,0.2635203394749515,0.2681925150041388,0.2506180983369455
-4.0,0.1867546477651443,0.2668789144544327,0.27344585983289965,0.2559795499983303
-3.9899999999999998,0.18716838016881338,0.2702941967820218,0.27886120747576776,0.2615262442080435
-3.9799999999999995,0.1875802953741956,0.2737668846779878,0.28444495425181726,0.26726669889387117
-3.9699999999999998,0.1879903157680237,0.27729765829757896,0.29020379863634965,0.27320992324187454
-3.96,0.1883983632883176,0.28088717722081674,0.2961447573189576,0.27936545174482735
-3.9499999999999997,0.18880435944748009,0.2845360777740615,0.3022751821593204,0.2857433810058261
-3.9399999999999995,0.18920822535612272,0.2882449701758537,0.30860277808728537,0.29235440955175457
-3.9299999999999997,0.18960988174762036,0.2920144354995297,0.3151356219950469,0.29920988093772316
-3.92,0.19000924900338886,0.29584502244514455,0.3218821826702551,0.3063218304530647
-3.9099999999999997,0.190406247178881,0.2997372439133333,0.32885134181960296,0.3137030357723575
-3.8999999999999995,0.1908007960302953,0.3036915733739031,0.336052416232794,0.3213670719316844
-3.8899999999999997,0.19119281504199,0.3077084410221749,0.34349518113663713,0.32932837105140905
-3.88,0.1915822234545945,0.3117882297164091,0.3511898947882788,0.3376022872727329
-3.87,0.19196894029380876,0.3159312706900474,0.3591473243550837,0.34620516742680024
-3.86,0.1923528843998817,0.320137839033008,0.3673787731262775,0.3551544280129036
-3.8499999999999996,0.19273397445775603,0.3244081489368854,0.37589610909794635,0.3644686391271983
-3.84,0.19311212902786848,0.32874234869964236,0.3847117949681234,0.3741676160562378
-3.83,0.19348726657759197,0.3331405154862542,0.3938389195721922,0.384272519331642
-3.82,0.19385930551330535,0.3376026498427851,0.40329123078038615,0.39480596413457164
-3.8099999999999996,0.19422816421307498,0.3421286699625586,0.41308316986836124,0.4057921400427726
-3.8,0.19459376105993287,0.34671840570444157,0.4232299073582184,0.41725694223045245
-3.79,0.19495601447573235,0.35137159236479837,0.4337473803104124,0.42922811536391065
-3.78,0.19531484295556434,0.3560878642064211,0.444652331026076,0.44173541158588636
-3.7699999999999996,0.19567016510271293,0.3608667477496986,0.45596234709370353,0.45481076415135974
-3.76,0.19602189966413075,0.3657076548334727,0.46769590268298883,0.46848847846987196
-3.75,0.1963699655664118,0.3706098754554536,0.4798724009509237,0.48280544252747426
-3.7399999999999998,0.1967142819522387,0.3755725704047432,0.4925122173798872,0.4978013589088659
-3.7299999999999995,0.19705476821728063,0.3805947637019467,0.5056367438130298,0.5135190009212866
-3.7199999999999998,0.1973913440475171,0.3856753348655592,0.5192684328872623,0.5300044956411338
-3.71,0.19772392945696102,0.39081301102678295,0.5334308424867868,0.5473076370675175
-3.6999999999999997,0.1980524448257545,0.3960063589186829,0.5481486797483142,0.5654822329803595
-3.6899999999999995,0.19837681093860896,0.4012537767696103,0.5634478440405694,0.5845864895713341
-3.6799999999999997,0.1986969490235606,0.4065534861351173,0.5793554682127148,0.604683438452078
-3.67,0.19901278079101176,0.4119035237071349,0.59589995725586,0.6258414112549014
-3.6599999999999997,0.19932422847302575,0.41730173314397584,0.6131110233455157,0.6481345677371475
-3.6499999999999995,0.1996312148628453,0.42274575696974953,0.6310197160268456,0.6716434840931745
-3.6399999999999997,0.19993366335460053,0.4282330285969738,0.6496584460646271,0.696455809080661
-3.63,0.20023149798317302,0.4337607645315441,0.6690610012013201,0.722666996595179
-3.62,0.20052464346418228,0.4393259568246855,0.6892625517444981,0.7503811244944673
-3.61,0.20081302523405925,0.4449253658420648,0.7102996435338013,0.779711810798739
-3.5999999999999996,0.20109656949017013,0.45055551342575567,0.7322101754118399,0.810783239893355
-3.59,0.2013752032309556,0.45621267653021397,0.7550333578375285,0.8437313130536037
-3.58,0.20164885429604698,0.46189288141870044,0.7788096487285655,0.878704939515296
-3.57,0.20191745140632208,0.46759189851162203,0.8035806619973169,0.9158674864445424
-3.5599999999999996,0.2021809242038625,0.4733052379829258,0.8293890435471196,0.9553984085255776
-3.55,0.20243920329177337,0.47902814620486794,0.8562783087218196,0.9974950804887326
-3.54,0.20269222027382683,0.48475560314505295,0.884292634350292,1.042374858729455
-3.53,0.20293990779388874,0.4904823208224696,0.9134765976038416,1.0902774011903198
-3.5199999999999996,0.20318219957508984,0.4962027429312061,0.9438748528969261,1.141467277824372
-3.51,0.20341903045870038,0.5019110457414299,0.9755317370267951,1.1962369071139856
-3.5,0.20365033644266792,0.5076011403869548,1.0084907916913004,1.2549098570957808
-3.4899999999999998,0.20387605471977843,0.5132666766470888,1.0427941914843677,1.3178445518437296
-3.4799999999999995,0.20409612371539937,0.5189010483273697,1.0784820644995117,1.3854384259410515
-3.4699999999999998,0.20431048312476446,0.5244974003390389,1.115591691847004,1.4581325694573182
-3.46,0.20451907394975952,0.5300486375706127,1.1541565718080469,1.536416903357674
-3.4499999999999997,0.20472183853516918,0.5355474356364955,1.1942053341366268,1.620835918677616
-3.4399999999999995,0.20491872060434407,0.5409862535772202,1.235760490337846,1.7119950001447977
-3.4299999999999997,0.20510966529424832,0.5463573485734478,1.2788370067995072,1.8105673332855419
-3.42,0.2052946191898481,0.551652792721327,1.323440689671863,1.9173013592679982
-3.4099999999999997,0.20547353035780175,0.5568644919001705,1.3695663736606156,2.0330286879767385
-3.3999999999999995,0.20564634837941262,0.561984206744695,1.417195911739963,2.158672298972644
-3.3899999999999997,0.20581302438280666,0.5670035757133766,1.4662959695533408,2.295254740892432
-3.38,0.20597351107429693,0.5719141402219258,1.5168156373067296,2.4439058672842635
-3.37,0.20612776276889777,0.5767073717866682,1.5686838836092751,2.6058694005224
-3.36,0.2062757354199531,0.5813747010969978,1.6218068902505594,2.782507268678677
-3.3499999999999996,0.2064173866478427,0.5859075489092992,1.6760653244666843,2.975300179285391
-3.34,0.20655267576773234,0.5902973586272351,1.7313116257778658,3.1858422379352613
-3.33,0.20668156381633424,0.5945356304054035,1.7873674076104227,3.4158265428226633
-3.32,0.2068040135776444,0.5986139565856133,1.8440210988677563,3.6670175443948154
-3.3099999999999996,0.20691998960762684,0.6025240582478492,1.9010259760812371,3.941204524053273
-3.3,0.20702945825781244,0.60625782263197,1.9580987608285592,4.240128833456681
-3.2899999999999996,0.20713238769778466,0.6098073411618472,2.014918977152564,4.565375657154559
-3.28,0.20722874793652366,0.6131649477815533,2.0711292764948954,4.918219303642449
-3.2699999999999996,0.20731851084258152,0.6163232572939737,2.126336939407089,5.299409980401203
-3.26,0.20740165016306436,0.6192752033762935,2.1801167500114436,5.708890712425228
-3.25,0.2074781415413966,0.6220140759347936,2.2320154070833493,6.145437184872958
-3.2399999999999998,0.2075479625338451,0.624533557453689,2.281557581798581,6.606223167062248
-3.23,0.20761109262478225,0.6268277579897431,2.3282536553431905,7.0863325532793855
-3.2199999999999998,0.20766751324066868,0.6288912484664263,2.3716090708498854,7.578268143221075
-3.21,0.20771720776273755,0.63071909192863,2.4111351177373854,8.071546717999738
-3.1999999999999997,0.20776016153836416,0.6323068724315246,2.446360840202757,8.552513598960426
-3.19,0.20779636189110626,0.6336507212550274,2.4768456364110896,9.004542336971413
-3.1799999999999997,0.20782579812940294,0.634747340158389,2.5021920044557633,9.408781105848322
-3.17,0.20784846155391895,0.6355940214173552,2.5220578100871176,9.74553799283465
-3.1599999999999997,0.20786434546352767,0.6361886644188399,2.5361674131488385,9.99624788293598
-3.15,0.2078734451599223,0.6365297886245159,2.5443210048213594,10.145756903345358
-3.1399999999999997,0.2078757579508514,0.6366165427546651,2.5464015807263665,10.18446968944891
-3.13,0.2078712831519734,0.6364487100862446,2.5423791031319483,10.109832445243766
-3.1199999999999997,0.20786002208732796,0.6360267098037373,2.5323115788211177,9.92674322641289
-3.11,0.20784197808842403,0.6353515943870937,2.5163429810094726,9.646770747959605
-3.0999999999999996,0.20781715649194496,0.6344250430670965,2.4946981530875743,9.286405672205241
-3.09,0.20778556463607428,0.6332493514239591,2.4676750268325565,8.864812457740458
-3.0799999999999996,0.20774721185544665,0.6318274172490226,2.435634648207263,8.401604405355247
-3.07,0.20770210947473075,0.6301627228312613,2.3989896152005334,7.915043796439311
-3.0599999999999996,0.20765027080085188,0.6282593138692089,2.358191586625904,7.420862589139108
-3.05,0.20759171111386485,0.6261217752441796,2.3137185182001083,6.931705061092245
-3.0399999999999996,0.20752644765648864,0.6237552039217392,2.2660622291436803,6.457069582366915
-3.03,0.20745449962231635,0.6211651792748036,2.2157168105326566,6.003580859225647
-3.0199999999999996,0.20737588814271538,0.6183577311431655,2.1631682698870307,5.5754347566988205
-3.01,0.20729063627243516,0.6153393059604445,2.1088856795396396,5.174896144895526
-2.9999999999999996,0.20719876897393996,0.6121167312903324,2.0533139721184495,4.802773678931318
-2.9899999999999998,0.20710031310048735,0.6086971791195738,1.9968684150425935,4.458831876953775
-2.98,0.20699529737797373,0.6050881282555198,1.9399307038704623,4.142126399226201
-2.9699999999999998,0.20688375238556916,0.6012973261715715,1.8828465448325329,3.851263807004853
-2.96,0.20676571053516749,0.5973327506346927,1.8259245502080692,3.584594833746192
-2.9499999999999997,0.20664120604967504,0.5932025714358671,1.7694362444676153,3.3403530110976747
-2.94,0.2065102749401678,0.5889151125273434,1.713616971035,3.116750489195748
-2.9299999999999997,0.20637295498194322,0.5844788148502935,1.6586674952159293,2.912041527578202
-2.92,0.20622928568949744,0.5799022001136444,1.6047561143242246,2.724562290265355
-2.9099999999999997,0.20607930829045826,0.5751938357599092,1.552021107683509,2.5527537320386027
-2.9,0.20592306569850624,0.570362301327384,1.50057338393705,2.395172732643153
-2.8899999999999997,0.205760602485316,0.5654161563906606,1.4504992085791502,2.2504952949650363
-2.88,0.2055919648515527,0.5603639102335602,1.4018629191070353,2.11751456997217
-2.8699999999999997,0.2054172005969575,0.555213993380763,1.3547095575572168,1.9951356697897227
-2.86,0.20523635908955862,0.54997473108712,1.309067369798488,1.8823686348626807
-2.8499999999999996,0.20504949123404376,0.5446543188571759,1.2649501375471737,1.7783204870688714
-2.84,0.2048566494393315,0.5392608000422374,1.2223593226626632,1.6821869891772194
-2.8299999999999996,0.20465788758537948,0.5338020455386108,1.1812860140653463,1.5932445107662065
-2.82,0.20445326098926742,0.5282857355886543,1.1417126758929796,1.5108422471265384
-2.8099999999999996,0.2042428263705946,0.522719343666221,1.1036147016221836,1.4343949321954508
-2.8,0.20402664181623034,0.517110122410006,1.06696178318632,1.3633761154055573
-2.7899999999999996,0.2038047667444583,0.511465091552338,1.0317191069592568,1.2973120253743686
-2.78,0.20357726186855332,0.5057910277770912,0.9978483901551025,1.2357760133030582
-2.7699999999999996,0.20334418915983238,0.5000944564286123,0.9653087719853177,1.1783835505578197
-2.76,0.2031056118102194,0.494381644983827,0.9340575740439973,1.124787744455534
-2.7499999999999996,0.2028615941943646,0.48865859819189594,0.9040509440459045,1.0746753311461734
-2.7399999999999998,0.20261220183135908,0.48293105477987447,0.8752443963700481,1.027763102845945
-2.73,0.20235750134608535,0.4772044856186103,0.8475932619814249,0.9837947272577174
-2.7199999999999998,0.20209756043024374,0.47148409324051554,0.821053059304975,0.9425379189483334
-2.71,0.20183244780309562,0.46577481259966663,0.795579796575724,0.9037819251454601
-2.6999999999999997,0.20156223317196317,0.46008131296481125,0.7711302151360786,0.8673352914763087
-2.69,0.2012869871925258,0.45440800083712407,0.7476619821292587,0.8330238763399123
-2.6799999999999997,0.20100678142895181,0.44875902378678817,0.725133840069176,0.8006890857208765
-2.67,0.20072168831390616,0.44313827510558085,0.7035057198657817,0.770186303217789
-2.6599999999999997,0.2004317811084708,0.4375493991764053,0.682738823058015,0.7413834928187765
-2.65,0.20013713386201723,0.431995797465085,0.6627956782569948,0.7141599544848093
-2.6399999999999997,0.19983782137206832,0.4264806350445059,0.643640176128931,0.6884052148909281
-2.63,0.19953391914418633,0.4210068475663401,0.6252375866478698,0.6640180377320493
-2.6199999999999997,0.19922550335192354,0.41557714860090944,0.607554561818086,0.6409055398350384
-2.61,0.19891265079687076,0.4101940372712578,0.5905591265998533,0.6189824009486657
-2.5999999999999996,0.19859543886883943,0.4048598061130192,0.5742206603645325,0.5981701565252585
-2.59,0.19827394550621033,0.39957654909721113,0.5585098708500967,0.5783965640807706
-2.5799999999999996,0.1979482491564831,0.39434616975851483,0.543398762280453,0.5595950348409383
-2.57,0.19761842873705823,0.38917038937693416,0.5288605990462967,0.5417041233671943
-2.5599999999999996,0.19728456359628402,0.3840507551658717,0.5148698661165343,0.5246670687221722
-2.55,0.19694673347479788,0.3789886484246078,0.5014022271532368,0.5084313814952495
-2.5399999999999996,0.1966050184671932,0.3739852926178861,0.4884344811353751,0.49294847167617095
-2.53,0.19625949898403894,0.36904176134978356,0.4759445181536795,0.4781733129507511
-2.5199999999999996,0.19591025571428097,0.36415898620323983,0.46391127491745493,0.4640641395069675
-2.51,0.19555736958805126,0.3593377644205692,0.4523146904112784,0.45058217189138805
-2.4999999999999996,0.19520092173991077,0.3545787664039275,0.4411356620525253,0.43769136885253335
-2.4899999999999998,0.19484099347255066,0.34988254301810606,0.43035600262747253,0.42535820245644546
-2.48,0.19447766622097565,0.34524953268112646,0.4199583982222521,0.4135514540663161
-2.4699999999999998,0.19411102151719184,0.3406800682309746,0.40992636731357307,0.4022420290478732
-2.46,0.19374114095542058,0.33617438355939705,0.4002442211413154,0.3914027882998762
-2.4499999999999997,0.1933681061578589,0.33173262000603243,0.39089702544961646,0.3810083949185421
-2.44,0.19299199874100587,0.32735483250826586,0.38187056365380945,0.37103517448956114
-2.4299999999999997,0.1926129002825723,0.32304099550407694,0.37315130146654085,0.3614609876645418
-2.42,0.19223089228899257,0.318791008586838,0.36472635299684375,0.352265113823005
-2.4099999999999997,0.19184605616355324,0.31460470191249124,0.3565834483201154,0.3434281447486371
-2.4,0.1914584731751537,0.3104818413608452,0.3487109025043148,0.3349318873615822
-2.3899999999999997,0.1910682244277133,0.30642213345384306,0.34109758606765417,0.3267592746487043
-2.38,0.19067539083023774,0.30242523003464383,0.33373289683530816,0.31889428402270287
-2.3699999999999997,0.1902800530675556,0.29849073271217197,0.32660673315668143,0.3113218624199178
-2.36,0.18988229157173717,0.29461819707649683,0.3197094684403992,0.30402785751690387
-2.3499999999999996,0.18948218649420404,0.2908071366909732,0.31303192696102117,0.2969989545083494
-2.34,0.1890798176785391,0.2870570268675528,0.3065653608894086,0.2902226179446315
-2.3299999999999996,0.1886752646340042,0.2833673082320362,0.3003014284974185,0.28368703817694524
-2.32,0.18826860650977198,0.27973739008633197,0.29423217348707564,0.27738108200232586
-2.3099999999999996,0.1878599220698784,0.2761666535749863,0.28835000539438305,0.2712942471404951
-2.3,0.18744928966889973,0.27265445466339255,0.28264768101841403,0.2654166202099395
-2.2899999999999996,0.18703678722835887,0.2692001269351596,0.27711828682714545,0.25973883790236535
-2.28,0.18662249221386343,0.2658029842161496,0.27175522229260723,0.2542520510831573
-2.2699999999999996,0.18620648161297768,0.262462323032665,0.26655218410922404,0.24894789157098515
-2.26,0.18578883191382983,0.2591774249112101,0.26150315125070894,0.24381844137266054
-2.2499999999999996,0.18536961908445473,0.25594755852714657,0.2566023708224343,0.23885620416994513
-2.2399999999999998,0.1849489185528721,0.25277198170944487,0.25184434466787553,0.23405407887358773
-2.2299999999999995,0.18452680518789813,0.24964994330857418,0.24722381668940918,0.22940533507655805
-2.2199999999999998,0.1841033532806899,0.24658068493441024,0.24273576084547516,0.22490359025353018
-2.21,0.18367863652701846,0.24356344257084528,0.23837536978782095,0.22054278856724815
-2.1999999999999997,0.1832527280102681,0.2405974480735908,0.2341380441042551,0.2163171811546959
-2.19,0.18282570018515742,0.23768193055744777,0.2300193821340031,0.21222130777708742
-2.1799999999999997,0.18239762486217748,0.23481611767910263,0.22601517032439383,0.20824997972773313
-2.17,0.18196857319274173,0.23199923682128604,0.22212137409919447,0.20439826390094207
-2.1599999999999997,0.18153861565504148,0.22923051618390108,0.21833412921044199,0.2006614679333492
-2.15,0.18110782204060086,0.22650918578750473,0.21464973354710795,0.19703512633654596
-2.1399999999999997,0.18067626144152368,0.22383447839429413,0.21106463937534553,0.19351498754666877
-2.13,0.18024400223842493,0.2212056303515296,0.20757544598644165,0.19009700182277953
-2.1199999999999997,0.1798111120890385,0.21862188236209615,0.20417889272989007,0.18677730993146913
-2.11,0.17937765791749313,0.21608248018669465,0.20087185241025357,0.18355223256023012
-2.0999999999999996,0.17894370590424688,0.21358667528192973,0.19765132502765775,0.1804182604067846
-2.09,0.17850932147667112,0.211133725378361,0.1945144318428934,0.17737204489580005
-2.0799999999999996,0.1780745693002744,0.2087228950023724,0.19145840974916403,0.17441038947828355
-2.07,0.17763951327055544,0.2063534559455236,0.18848060593353616,0.1715302414724824
-2.0599999999999996,0.17720421650547558,0.2040246876848488,0.18557847281210207,0.16872868440833552
-2.05,0.17676874133853923,0.2017358777573915,0.18274956322377947,0.16600293084047696
-2.0399999999999996,0.17633314931247138,0.19948632209207723,0.17999152586852432,0.16335031559748134
-2.03,0.17589750117348127,0.1972753253018636,0.17730210097655164,0.1607682894375199
-2.0199999999999996,0.17546185686609997,0.1951022009389342,0.174679116195917,0.1582544130828506
-2.01,0.17502627552858077,0.192966271715555,0.1721204826865424,0.1558063516076489
-1.9999999999999996,0.1745908154888497,0.1908668696930514,0.1696241914094436,0.1534218691555816
-1.9899999999999998,0.17415553426099487,0.18880333644122976,0.16718830960056769,0.15109882396528326
-1.9799999999999995,0.17372048854228142,0.18677502317042285,0.1648109774192467,0.1488351636834915
-1.9699999999999998,0.17328573421068055,0.18478129083821346,0.16249040476185228,0.14662892094708396
-1.96,0.17285132632289937,0.18282151023276205,0.16022486823176665,0.1444782092166094
-1.9499999999999997,0.17241731911289962,0.18089506203455016,0.15801270825729755,0.14238121884516325
-1.94,0.17198376599089188,0.17900133685823671,0.15585232634963914,0.14033621336760646
-1.9299999999999997,0.1715507195427933,0.1771397352762179,0.15374218249342775,0.1383415259961879
-1.92,0.17111823153013558,0.17530966782538435,0.15168079266287002,0.1363955563096145
-1.9099999999999997,0.17068635289041045,0.1735105549984684,0.14966672645681106,0.1344967671235111
-1.9,0.17025513373784013,0.17174182722129036,0.14769860484649275,0.13264368153105338
-1.8899999999999997,0.1698246233645601,0.17000292481712187,0.1457750980300967,0.13083488010332198
-1.88,0.16939487024220096,0.1682932979593093,0.1438949233885066,0.12906899823964613
-1.8699999999999997,0.168965922023857,0.16661240661321952,0.14205684353702824,0.12734472365885724
-1.8599999999999999,0.1685378255464293,0.16495972046850357,0.14025966446810761,0.12566079402299124
-1.8499999999999996,0.16811062683332978,0.16333471886260167,0.13850223378035692,0.12401599468553665
-1.8399999999999999,0.1676843710975351,0.1617368906963552,0.13678343898946516,0.12240915655685612
-1.8299999999999996,0.16725910274497643,0.16016573434252473,0.13510220591680888,0.12083915407988868
-1.8199999999999998,0.1668348653782547,0.15862075754796506,0.133457497151816,0.11930490330969679
-1.8099999999999996,0.1664117018006674,0.15710147733014723,0.13184831058434648,0.1178053600908347
-1.7999999999999998,0.1659896540205361,0.15560741986867618,0.13027367800356424,0.11633951832690828
-1.7899999999999996,0.1655687632558227,0.15413812039239833,0.12873266375996242,0.1149064083370528
-1.7799999999999998,0.16514906993902193,0.15269312306265695,0.1272243634873901,0.11350509529439488
-1.7699999999999996,0.16473061372231929,0.15127198085320653,0.12574790288209545,0.11213467774187277
-1.7599999999999998,0.16431343348300312,0.14987425542726326,0.12430243653596555,0.11079428618108315
-1.7499999999999996,0.16389756732911845,0.14849951701212963,0.1228871468212916,0.1094830817300895
-1.7399999999999998,0.16348305260535323,0.14714734427180062,0.12150124282453391,0.1082002548463823
-1.7299999999999995,0.1630699258991443,0.14581732417792412,0.12014395932669382,0.10694502411141243
-1.7199999999999998,0.16265822304699387,0.1445090518794626,0.11881455582802998,0.10571663507334113
-1.71,0.16224797914098504,0.1432221305713718,0.1175123156149722,0.1045143591448507
-1.6999999999999997,0.16183922853548652,0.14195617136258962,0.116236544867204,0.10333749255305366
-1.69,0.1614320048540361,0.14071079314360285,0.11498657180298796,0.10218535533871344
-1.6799999999999997,0.16102634099639343,0.13948562245383664,0.11376174586091051,0.10105729040215629
-1.67,0.16062226914575176,0.13828029334909253,0.11256143691631812,0.09995266259341046
-1.6599999999999997,0.16021982077609967,0.1370944472692391,0.11138503453080532,0.09887085784425126
-1.65,0.15981902665972325,0.13592773290634366,0.1102319472332014,0.09781128233996954
-1.6399999999999997,0.15941991687483964,0.13477980607341375,0.10910160183058049,0.09677336172880387
-1.63,0.15902252081335305,0.13365032957390438,0.10799344274789836,0.09575654036710037
-1.6199999999999997,0.15862686718872474,0.13253897307212956,0.10690693139492677,0.09476028059837034
-1.6099999999999999,0.15823298404394853,0.13144541296470585,0.10584154555922799,0.09378406206452465
-1.5999999999999996,0.157840898759623,0.13036933225313999,0.10479677882397181,0.09282738104765738
-1.5899999999999999,0.1574506380621135,0.12931042041766433,0.10377214000946113,0.09188974984084694
-1.5799999999999996,0.15706222803179504,0.1282683732924093,0.10276715263728609,0.09097069614652434
-1.5699999999999998,0.1566756941113693,0.12724289294199573,0.10178135441608391,0.09006976250104332
-1.5599999999999996,0.15629106111424765,0.12623368753961667,0.10081429674792894,0.08918650572415861
-1.5499999999999998,0.15590835323299387,0.12524047124667406,0.09986554425442935,0.08832049639219343
-1.5399999999999996,0.15552759404781868,0.1242629640940226,0.09893467432164929,0.08747131833374046
-1.5299999999999998,0.1551488065351205,0.1233008918648707,0.09802127666302124,0.08663856814680654
-1.5199999999999996,0.15477201307606422,0.12235398597937763,0.09712495289945189,0.08582185473636764
-1.5099999999999998,0.15439723546519388,0.12142198338098237,0.09624531615586597,0.08502079887135805
-1.4999999999999996,0.15402449491907078,0.12050462642449186,0.09538199067346646,0.08423503276016849
-1.4899999999999998,0.15365381208493314,0.11960166276595278,0.09453461143702747,0.08346419964377823
-1.4799999999999995,0.15328520704937032,0.11871284525432438,0.0937028238165656,0.08270795340569119
-1.4699999999999998,0.15291869934700633,0.11783793182496699,0.09288628322277058,0.0819659581978908
-1.46,0.15255430796918773,0.11697668539495491,0.09208465477560145,0.08123788808206851
-1.4499999999999997,0.15219205137267053,0.11612887376022037,0.09129761298548701,0.08052342668542
-1.44,0.15183194748830073,0.11529426949453074,0.0905248414465918,0.07982226687033936
-1.4299999999999997,0.1514740137296847,0.1144726498502975,0.089766032541637,0.07913411041737597
-1.42,0.15111826700184366,0.11366379666121448,0.08902088715778844,0.07845866772085143
-1.4099999999999997,0.150764723709849,0.11286749624671767,0.08828911441314656,0.0777956574965638
-1.4,0.1504133997674336,0.1120835393182592,0.08757043139339517,0.07714480650103642
-1.3899999999999997,0.15006431060557468,0.1113117208873833,0.08686456289818606,0.07650584926179488
-1.38,0.14971747118104572,0.11055184017559253,0.08617124119685649,0.07587852781818197
-1.3699999999999997,0.14937289598493222,0.10980370052598866,0.08549020579309366,0.07526259147224451
-1.3599999999999999,0.14903059905110852,0.10906710931667289,0.08482120319818044,0.07465779654924962
-1.3499999999999996,0.14869059396467244,0.10834187787588677,0.08416398671246983,0.07406390616740854
-1.3399999999999999,0.14835289387033407,0.10762782139887604,0.08351831621475535,0.0734806900164086
-1.3299999999999996,0.14801751148075568,0.10692475886645626,0.0828839579592158,0.07290792414437065
-1.3199999999999998,0.14768445908484054,0.10623251296526025,0.08226068437963076,0.07234539075287119
-1.3099999999999996,0.14735374855596664,0.10555091000964448,0.0816482739005737,0.07179287799968236
-1.2999999999999998,0.14702539136016393,0.10487977986523277,0.08104651075530506,0.07125017980890237
-1.29,0.1466993985642316,0.10421895587407315,0.08045518481009804,0.07071709568816255
-1.2799999999999994,0.14637578084379366,0.10356827478138451,0.07987409139474339,0.0701934305526132
-1.2699999999999996,0.14605454849129068,0.10292757666386919,0.07930303113898896,0.06967899455540456
-1.2599999999999998,0.14573571142390457,0.10229670485956537,0.07874180981468139,0.0691736029243907
-1.25,0.1454192791914159,0.10167550589921631,0.07819023818338783,0.06867707580480022
-1.2399999999999993,0.1451052609839907,0.10106382943912946,0.07764813184928378,0.06818923810762567
-1.2299999999999995,0.14479366563989596,0.10046152819550141,0.07711531111710435,0.06770991936349843
-1.2199999999999998,0.14448450165314103,0.09986845788018198,0.07659160085496243,0.06723895358182375
-1.21,0.14417777718104488,0.09928447713785295,0.07607683036184877,0.06677617911496324
-1.2000000000000002,0.14387350005172636,0.0987094474845954,0.07557083323963391,0.0663214385272603
-1.1899999999999995,0.14357167777151725,0.0981432332478199,0.07507344726940152,0.06587457846871377
-1.1799999999999997,0.14327231753229666,0.0975857015075349,0.07458451429194911,0.06543544955311383
-1.17,0.14297542621874487,0.09703672203892678,0.07410388009229889,0.0650039062404625
-1.1600000000000001,0.1426810104155169,0.09649616725622755,0.07363139428806888,0.064579806723509
-1.1499999999999995,0.14238907641433388,0.09596391215784433,0.07316691022155948,0.06416301281823794
-1.1399999999999997,0.142099630220992,0.09543983427272655,0.07271028485541842,0.06375338985815512
-1.13,0.14181267756228783,0.09492381360794513,0.07226137867175006,0.06335080659222275
-1.12,0.1415282238928596,0.09441573259746062,0.0718200555745441,0.0629551350863027
-1.1099999999999994,0.141246274401944,0.09391547605205518,0.07138618279530036,0.06256625062797183
-1.0999999999999996,0.14096683402004787,0.09342293111040527,0.07095963080173388,0.06218403163458036
-1.0899999999999999,0.14068990742553386,0.09293798719127076,0.0705402732094478,0.06180835956442835
-1.08,0.1404154990511206,0.0924605359467784,0.07012798669646712,0.06143911883094258
-1.0699999999999994,0.1401436130902965,0.09199047121677553,0.06972265092052979,0.06107619671973958
-1.0599999999999996,0.13987425350364707,0.09152768898423254,0.06932414843903682,0.06071948330846627
-1.0499999999999998,0.13960742402509538,0.09107208733167109,0.0689323646315656,0.06036887138931383
-1.04,0.13934312816805614,0.09062356639859673,0.06854718762485629,0.060024256394105406
-1.0299999999999994,0.13908136923150258,0.09018202833991427,0.06816850822018303,0.05968553632186178
-1.0199999999999996,0.13882215030594705,0.08974737728530485,0.06779621982302654,0.0593526116687536
-1.0099999999999998,0.13856547427933413,0.08931951929954354,0.06743021837496659,0.05902538536035223
-1.0,0.13831134384284788,0.08889836234373788,0.06707040228771771,0.05870376268609529
-0.9899999999999993,0.1380597614966319,0.08848381623746641,0.06671667237923322,0.058387651235886344
-0.9799999999999995,0.1378107295554237,0.08807579262179838,0.06636893181180602,0.05807696083875114
-0.9699999999999998,0.13756425015410254,0.08767420492317442,0.06602708603209724,0.057771603503476356
-0.96,0.13732032525315166,0.0872789683181303,0.06569104271302702,0.05747149336115986
-0.9499999999999993,0.13707895664403522,0.08688999969884444,0.06536071169746369,0.05717654660960415
-0.9399999999999995,0.13684014595448998,0.08650721763949143,0.06503600494365003,0.05688668145948754
-0.9299999999999997,0.136603894653732,0.08613054236338324,0.06471683647230818,0.05660181808225014
-0.9199999999999999,0.13637020405757969,0.0857598957108816,0.06440312231536652,0.05632187855963447
-0.9100000000000001,0.13613907533349248,0.08539520110806337,0.06409478046625425,0.05604678683482277
-0.8999999999999995,0.13591050950552647,0.08503638353612306,0.06379173083171137,0.05577646866511532
-0.8899999999999997,0.1356845074592069,0.08468336950149574,0.06349389518506372,0.05551085157609664
-0.8799999999999999,0.13546106994631887,0.08433608700668431,0.06320119712091467,0.05524986481723778
-0.8700000000000001,0.13524019758961572,0.08399446552177559,0.06291356201120699,0.054993439318886055
-0.8599999999999994,0.13502189088744682,0.08365843595662982,0.06263091696260993,0.054741507650594406
-0.8499999999999996,0.13480615021830433,0.08332793063372902,0.0623531907751886,0.054494003980745345
-0.8399999999999999,0.13459297584529054,0.08300288326166862,0.06208031390231353,0.054250864037425114
-0.8300000000000001,0.13438236792050548,0.08268322890927919,0.06181221841177118,0.054012025070506876
-0.8199999999999994,0.13417432648935634,0.08236890398036341,0.06154883794803633,0.05377742581490186
-0.8099999999999996,0.1339688514947887,0.08205984618903528,0.06129010769566944,0.053547006454940003
-0.7999999999999998,0.13376594278144066,0.0817559945356476,0.061035964343803116,0.05332070858984255
-0.79,0.13356560009972024,0.08145728928329515,0.06078634605168351,0.05309847520025075
-0.7799999999999994,0.1333678231098074,0.08116367193488103,0.06054119241523328,0.052880250615776225
-0.7699999999999996,0.13317261138558062,0.0808750852107328,0.06030044443460419,0.05266598048353954
-0.7599999999999998,0.13297996441846913,0.08059147302675765,0.06006404448268859,0.05245561173766516
-0.75,0.1327898816212317,0.08031278047312337,0.05983193627456012,0.05224909256970194
-0.7399999999999993,0.13260236233166273,0.08003895379345487,0.05960406483781505,0.05204637239993962
-0.7299999999999995,0.13241740581622574,0.07976994036453411,0.05938037648378665,0.05184740184959278
-0.7199999999999998,0.1322350112736162,0.07950568867649263,0.05916081877960597,0.05165213271382467
-0.71,0.13205517783825318,0.07924614831348627,0.05894534052108353,0.051460517935584864
-0.6999999999999993,0.13187790458370163,0.0789912699348414,0.05873389170638725,0.05127251158023485
-0.6899999999999995,0.1317031905260257,0.07874100525666251,0.05852642351049262,0.051088068810937554
-0.6799999999999997,0.13153103462707336,0.07849530703389106,0.05832288826038226,0.05090714586478666
-0.6699999999999999,0.13136143579769416,0.07825412904280635,0.058123239410972846,0.05072970002965367
-0.6600000000000001,0.1311943929008899,0.07801742606395848,0.05792743152174776,0.05055568962173021
-0.6499999999999995,0.13102990475489965,0.07778515386552459,0.057735420234075165,0.05038507396374496
-0.6399999999999997,0.13086797013621945,0.07755726918707917,0.05754716224919156,0.05021781336383471
-0.6299999999999999,0.13070858778255778,0.07733372972376978,0.05736261530683143,0.050053869095049976
-0.6200000000000001,0.1305517563957276,0.07711449411088982,0.05718173816448475,0.04989320337547645
-0.6099999999999994,0.13039747464447532,0.07689952190883981,0.057004490577264595,0.04973577934895414
-0.5999999999999996,0.13024574116724777,0.07668877358846943,0.05683083327836745,0.04958156106637649
-0.5899999999999999,0.13009655457489822,0.07648221051679226,0.05666072796010941,0.04943051346755303
-0.5800000000000001,0.12994991345333137,0.07627979494306542,0.05649413725552303,0.049282602363618824
-0.5699999999999994,0.129805816366089,0.07608148998522728,0.05633102472049853,0.04913779441997558
-0.5599999999999996,0.12966426185687652,0.07588725961668534,0.05617135481645501,0.048996057139749
-0.5499999999999998,0.12952524845203078,0.07569706865344752,0.05601509289352701,0.04885735884774786
-0.54,0.12938877466293114,0.07551088274159015,0.055862205174252694,0.04872166867491108
-0.5299999999999994,0.12925483898835285,0.07532866834505579,0.05571265873775032,0.04858895654322895
-0.5199999999999996,0.12912343991676503,0.07515039273377441,0.055566421504369946,0.04845919315112579
-0.5099999999999998,0.12899457592857272,0.07497602397210183,0.055423462220807955,0.048332349959291275
-0.5,0.12886824549830447,0.07480553090756911,0.05528375044567254,0.048208399176948594
-0.4899999999999993,0.12874444709674585,0.07463888315993701,0.05514725653548837,0.04808731374854754
-0.47999999999999954,0.12862317919301974,0.07447605111054977,0.05501395163112951,0.04796906734087166
-0.46999999999999975,0.12850444025661373,0.07431700589198258,0.0548838076446694,0.047853634330548206
-0.45999999999999996,0.12838822875935563,0.0741617193779773,0.0547567972466381,0.047740989791950954
-0.4499999999999993,0.12827454317733766,0.07401016417366105,0.054632893853676236,0.04763110948548552
-0.4399999999999995,0.12816338199278995,0.07386231360604284,0.05451207161657634,0.04752396984624777
-0.4299999999999997,0.12805474369590375,0.07371814171478275,0.054394305408702076,0.047419547973045734
-0.41999999999999993,0.12794862678660548,0.0735776232432294,0.05427957081477661,0.04731782161777637
-0.41000000000000014,0.12784502977628173,0.07344073362972066,0.05416784412003109,0.047218769175148376
-0.39999999999999947,0.127743951189456,0.07330744899914306,0.05405910229970546,0.047122369672742796
-0.3899999999999997,0.1276453895654179,0.07317774615474582,0.05395332300889309,0.04702860276140349
-0.3799999999999999,0.12754934345980512,0.07305160257020483,0.053850484572721714,0.04693744870594957
-0.3700000000000001,0.12745581144613893,0.07292899638193273,0.053750565976863285,0.046848888376202734
-0.35999999999999943,0.12736479211731372,0.07280990638163114,0.05365354685836549,0.04676290323832222
-0.34999999999999964,0.12727628408704098,0.07269431200908094,0.053559407496798134,0.046679475346440374
-0.33999999999999986,0.12719028599124854,0.07258219334516697,0.053468128805707636,0.046598587334592614
-0.33000000000000007,0.12710679648943518,0.07247353110513374,0.05337969232437347,0.04652022240893525
-0.3199999999999994,0.1270258142659815,0.07236830663206845,0.05329408020986023,0.0464443643402451
-0.3099999999999996,0.12694733803141742,0.07226650189060799,0.053211275229359624,0.04637099745669523
-0.2999999999999998,0.12687136652364633,0.0721680994608667,0.05313126075281661,0.04630010663690106
-0.29000000000000004,0.1267978985091273,0.07207308253258199,0.05305402074583441,0.04623167730323167
-0.27999999999999936,0.12672693278401487,0.07198143489947428,0.05297953976285304,0.04616569541538095
-0.2699999999999996,0.12665846817525736,0.07189314095381906,0.05290780294059664,0.04610214746419401
-0.2599999999999998,0.12659250354165394,0.0718081856812277,0.05283879599178454,0.0460410204657438
-0.25,0.126529037774871,0.07172655465563472,0.05277250519910174,0.04598230195565366
-0.23999999999999932,0.12646806980041803,0.07164823403448867,0.05270891740942438,0.04592597998366148
-0.22999999999999954,0.1264095985785835,0.07157321055414459,0.05264802002829608,0.04587204310842143
-0.21999999999999975,0.12635362310533121,0.07150147152545507,0.05258980101465105,0.04582048039253914
-0.20999999999999996,0.12630014241315718,0.07143300482955832,0.052534248875780454,0.045771281397836795
-0.1999999999999993,0.12624915557190775,0.07136779891386075,0.052481352662538096,0.04572443618084475
-0.1899999999999995,0.12620066168955885,0.07130584278821195,0.05243110196478248,0.04567993528851586
-0.17999999999999972,0.12615465991295707,0.07124712602127041,0.052383486907051406,0.0456377697541599
-0.16999999999999993,0.1261111494285228,0.07119163873705794,0.052338498144466734,0.04559793109359453
-0.16000000000000014,0.1260701294629154,0.07113937161170115,0.05229612685886569,0.045560411301510395
-0.14999999999999947,0.12603159928366095,0.0710903158703581,0.05225636475515672,0.04552520284804747
-0.13999999999999968,0.12599555819974292,0.07104446328432905,0.052219204057896706,0.04549229867558011
-0.1299999999999999,0.1259620055621557,0.07100180616834928,0.05218463750808754,0.04546169219570861
-0.1200000000000001,0.12593094076442143,0.07096233737806303,0.052152658360189674,0.04543337728645479
-0.10999999999999943,0.1259023632430702,0.07092605030767704,0.05212326037935049,0.04540734828965997
-0.09999999999999964,0.12587627247808397,0.0708929388877928,0.05209643783884574,0.04538360000858303
-0.08999999999999986,0.12585266799330433,0.07086299758341592,0.052072185517731975,0.04536212770569701
-0.08000000000000007,0.12583154935680413,0.07083622139214225,0.05205049869870882,0.04534292710068265
-0.0699999999999994,0.12581291618122337,0.07081260584251924,0.05203137316618893,0.04532599436861736
-0.05999999999999961,0.12579676812406934,0.07079214699258206,0.05201480520457502,0.04531132613835831
-0.04999999999999982,0.12578310488798106,0.07077484142856383,0.0520007915967421,0.04529891949111854
-0.040000000000000036,0.1257719262209583,0.07076068626377884,0.05198932962272441,0.04528877195923486
-0.02999999999999936,0.12576323191655547,0.07074967913767878,0.05198041705860579,0.04528088152512698
-0.019999999999999574,0.12575702181403955,0.07074181821508112,0.05197405217561288,0.04527524662044681
-0.009999999999999787,0.12575329579851346,0.0707371021855693,0.05197023373941045,0.04527186612541744
0.0,0.1257520538010037,0.07073553026306459,0.051968961009598476,0.045270739368361346
0.010000000000000675,0.12575329579851346,0.0707371021855693,0.05197023373941045,0.04527186612541744
0.020000000000000462,0.12575702181403955,0.07074181821508112,0.05197405217561288,0.04527524662044681
0.03000000000000025,0.12576323191655547,0.07074967913767878,0.05198041705860579,0.04528088152512698
0.040000000000000036,0.1257719262209583,0.07076068626377884,0.05198932962272441,0.04528877195923486
0.05000000000000071,0.12578310488798106,0.07077484142856383,0.052000791596742105,0.04529891949111854
0.0600000000000005,0.12579676812406934,0.07079214699258206,0.05201480520457502,0.04531132613835831
0.07000000000000028,0.12581291618122337,0.07081260584251924,0.05203137316618893,0.04532599436861736
0.08000000000000007,0.12583154935680413,0.07083622139214225,0.05205049869870882,0.04534292710068265
0.08999999999999986,0.12585266799330433,0.07086299758341592,0.052072185517731975,0.04536212770569701
0.10000000000000053,0.12587627247808397,0.0708929388877928,0.05209643783884574,0.04538360000858303
0.11000000000000032,0.1259023632430702,0.07092605030767704,0.05212326037935051,0.04540734828965998
0.1200000000000001,0.12593094076442143,0.07096233737806303,0.052152658360189674,0.04543337728645479
0.1299999999999999,0.1259620055621557,0.07100180616834928,0.05218463750808754,0.04546169219570861
0.14000000000000057,0.12599555819974292,0.07104446328432906,0.052219204057896706,0.04549229867558011
0.15000000000000036,0.12603159928366095,0.0710903158703581,0.05225636475515672,0.04552520284804747
0.16000000000000014,0.1260701294629154,0.07113937161170115,0.05229612685886569,0.045560411301510395
0.16999999999999993,0.1261111494285228,0.07119163873705794,0.052338498144466734,0.04559793109359453
0.1800000000000006,0.12615465991295707,0.07124712602127041,0.05238348690705142,0.0456377697541599
0.1900000000000004,0.12620066168955885,0.07130584278821195,0.05243110196478248,0.04567993528851588
0.20000000000000018,0.12624915557190775,0.07136779891386076,0.052481352662538096,0.04572443618084475
0.20999999999999996,0.12630014241315718,0.07143300482955832,0.052534248875780454,0.045771281397836795
0.22000000000000064,0.12635362310533121,0.07150147152545507,0.05258980101465106,0.045820480392539144
0.23000000000000043,0.1264095985785835,0.07157321055414459,0.052648020028296084,0.04587204310842143
0.2400000000000002,0.12646806980041803,0.0716482340344887,0.05270891740942438,0.045925979983661484
0.25,0.126529037774871,0.07172655465563472,0.05277250519910174,0.04598230195565366
0.2600000000000007,0.12659250354165394,0.0718081856812277,0.052838795991784544,0.0460410204657438
0.27000000000000046,0.12665846817525736,0.07189314095381907,0.05290780294059664,0.04610214746419401
0.28000000000000025,0.12672693278401487,0.0719814348994743,0.052979539762853044,0.04616569541538095
0.29000000000000004,0.1267978985091273,0.07207308253258199,0.05305402074583441,0.04623167730323167
0.3000000000000007,0.12687136652364633,0.07216809946086672,0.05313126075281662,0.04630010663690107
0.3100000000000005,0.12694733803141742,0.07226650189060799,0.05321127522935963,0.046370997456695234
0.3200000000000003,0.12702581426598153,0.07236830663206845,0.05329408020986024,0.0464443643402451
0.33000000000000007,0.12710679648943518,0.07247353110513374,0.05337969232437347,0.04652022240893525
0.33999999999999986,0.12719028599124854,0.07258219334516697,0.053468128805707636,0.046598587334592614
0.35000000000000053,0.12727628408704098,0.07269431200908094,0.05355940749679814,0.046679475346440374
0.3600000000000003,0.12736479211731375,0.07280990638163116,0.0536535468583655,0.04676290323832223
0.3700000000000001,0.12745581144613893,0.07292899638193273,0.053750565976863285,0.046848888376202734
0.3799999999999999,0.12754934345980512,0.07305160257020483,0.053850484572721714,0.04693744870594957
0.39000000000000057,0.1276453895654179,0.07317774615474583,0.053953323008893106,0.0470286027614035
0.40000000000000036,0.127743951189456,0.07330744899914306,0.05405910229970548,0.04712236967274282
0.41000000000000014,0.12784502977628173,0.07344073362972066,0.05416784412003109,0.047218769175148376
0.41999999999999993,0.12794862678660548,0.0735776232432294,0.05427957081477661,0.04731782161777637
0.4300000000000006,0.12805474369590375,0.07371814171478275,0.0543943054087021,0.04741954797304574
0.4400000000000004,0.12816338199278995,0.07386231360604284,0.05451207161657635,0.04752396984624778
0.4500000000000002,0.12827454317733766,0.07401016417366107,0.05463289385367624,0.047631109485485525
0.45999999999999996,0.12838822875935563,0.0741617193779773,0.0547567972466381,0.047740989791950954
0.47000000000000064,0.12850444025661376,0.07431700589198262,0.0548838076446694,0.04785363433054821
0.4800000000000004,0.12862317919301977,0.07447605111054978,0.05501395163112951,0.04796906734087166
0.4900000000000002,0.12874444709674585,0.07463888315993701,0.05514725653548839,0.04808731374854756
0.5,0.12886824549830447,0.07480553090756911,0.05528375044567254,0.048208399176948594
0.5100000000000007,0.12899457592857272,0.07497602397210183,0.05542346222080797,0.04833234995929128
0.5200000000000005,0.12912343991676506,0.07515039273377443,0.05556642150436997,0.048459193151125804
0.5300000000000002,0.12925483898835285,0.0753286683450558,0.05571265873775034,0.048588956543228964
0.54,0.12938877466293114,0.07551088274159015,0.055862205174252694,0.04872166867491108
0.5500000000000007,0.12952524845203078,0.07569706865344754,0.05601509289352702,0.04885735884774787
0.5600000000000005,0.12966426185687652,0.07588725961668534,0.05617135481645503,0.04899605713974901
0.5700000000000003,0.12980581636608904,0.07608148998522729,0.056331024720498536,0.049137794419975594
0.5800000000000001,0.12994991345333137,0.07627979494306542,0.05649413725552303,0.049282602363618824
0.5899999999999999,0.13009655457489822,0.07648221051679226,0.05666072796010941,0.04943051346755303
0.6000000000000005,0.1302457411672478,0.07668877358846947,0.05683083327836746,0.04958156106637651
0.6100000000000003,0.13039747464447532,0.07689952190883982,0.057004490577264616,0.049735779348954144
0.6200000000000001,0.1305517563957276,0.07711449411088982,0.05718173816448475,0.04989320337547645
0.6299999999999999,0.13070858778255778,0.07733372972376978,0.05736261530683143,0.050053869095049976
0.6400000000000006,0.13086797013621945,0.0775572691870792,0.05754716224919159,0.05021781336383472
0.6500000000000004,0.13102990475489967,0.0777851538655246,0.05773542023407518,0.05038507396374497
0.6600000000000001,0.1311943929008899,0.07801742606395848,0.05792743152174776,0.05055568962173021
0.6699999999999999,0.13136143579769416,0.07825412904280635,0.058123239410972846,0.05072970002965367
0.6800000000000006,0.13153103462707336,0.07849530703389108,0.05832288826038229,0.05090714586478667
0.6900000000000004,0.1317031905260257,0.07874100525666254,0.058526423510492635,0.05108806881093756
0.7000000000000002,0.13187790458370166,0.07899126993484144,0.058733891706387265,0.05127251158023486
0.71,0.13205517783825318,0.07924614831348627,0.05894534052108353,0.051460517935584864
0.7200000000000006,0.13223501127361623,0.07950568867649266,0.05916081877960599,0.05165213271382469
0.7300000000000004,0.1324174058162258,0.07976994036453415,0.05938037648378667,0.05184740184959279
0.7400000000000002,0.13260236233166273,0.08003895379345491,0.05960406483781507,0.05204637239993964
0.75,0.1327898816212317,0.08031278047312337,0.05983193627456012,0.05224909256970194
0.7600000000000007,0.13297996441846913,0.08059147302675766,0.0600640444826886,0.05245561173766517
0.7700000000000005,0.13317261138558062,0.08087508521073285,0.06030044443460421,0.052665980483539564
0.7800000000000002,0.1333678231098074,0.08116367193488104,0.06054119241523329,0.05288025061577624
0.79,0.13356560009972024,0.08145728928329515,0.06078634605168351,0.05309847520025075
0.8000000000000007,0.13376594278144066,0.08175599453564761,0.06103596434380313,0.05332070858984257
0.8100000000000005,0.13396885149478874,0.08205984618903532,0.061290107695669456,0.05354700645494002
0.8200000000000003,0.1341743264893564,0.08236890398036344,0.06154883794803635,0.05377742581490187
0.8300000000000001,0.13438236792050548,0.08268322890927919,0.06181221841177118,0.054012025070506876
0.8400000000000007,0.13459297584529056,0.08300288326166866,0.062080313902313555,0.05425086403742513
0.8500000000000005,0.13480615021830436,0.08332793063372905,0.06235319077518863,0.05449400398074535
0.8600000000000003,0.13502189088744682,0.08365843595662985,0.06263091696260994,0.05474150765059443
0.8700000000000001,0.13524019758961572,0.08399446552177559,0.06291356201120699,0.054993439318886055
0.8799999999999999,0.13546106994631887,0.08433608700668431,0.06320119712091467,0.05524986481723778
0.8900000000000006,0.1356845074592069,0.08468336950149578,0.06349389518506374,0.05551085157609666
0.9000000000000004,0.13591050950552647,0.08503638353612308,0.06379173083171139,0.05577646866511534
0.9100000000000001,0.13613907533349248,0.08539520110806337,0.06409478046625425,0.05604678683482277
0.9199999999999999,0.13637020405757969,0.0857598957108816,0.06440312231536652,0.05632187855963447
0.9300000000000006,0.136603894653732,0.08613054236338329,0.06471683647230822,0.05660181808225017
0.9400000000000004,0.13684014595448998,0.08650721763949146,0.06503600494365006,0.05688668145948756
0.9500000000000002,0.13707895664403527,0.08688999969884448,0.06536071169746371,0.05717654660960417
0.96,0.13732032525315166,0.0872789683181303,0.06569104271302702,0.05747149336115986
0.9700000000000006,0.13756425015410254,0.08767420492317443,0.06602708603209725,0.05777160350347638
0.9800000000000004,0.13781072955542373,0.08807579262179842,0.06636893181180606,0.05807696083875118
0.9900000000000002,0.1380597614966319,0.08848381623746647,0.06671667237923325,0.058387651235886365
1.0,0.13831134384284788,0.08889836234373788,0.06707040228771771,0.05870376268609529
1.0100000000000007,0.1385654742793342,0.08931951929954357,0.0674302183749666,0.05902538536035224
1.0200000000000005,0.13882215030594708,0.08974737728530488,0.06779621982302657,0.05935261166875363
1.0300000000000002,0.1390813692315026,0.09018202833991432,0.06816850822018307,0.059685536321861805
1.04,0.13934312816805614,0.09062356639859673,0.06854718762485629,0.060024256394105406
1.0500000000000007,0.13960742402509538,0.09107208733167114,0.06893236463156564,0.06036887138931386
1.0600000000000005,0.1398742535036471,0.0915276889842326,0.06932414843903686,0.0607194833084663
1.0700000000000003,0.14014361309029652,0.09199047121677556,0.06972265092052983,0.061076196719739614
1.08,0.1404154990511206,0.0924605359467784,0.07012798669646712,0.06143911883094258
1.0900000000000007,0.14068990742553386,0.09293798719127082,0.07054027320944783,0.06180835956442839
1.1000000000000005,0.1409668340200479,0.09342293111040531,0.07095963080173391,0.0621840316345804
1.1100000000000003,0.14124627440194407,0.09391547605205523,0.07138618279530039,0.06256625062797186
1.12,0.1415282238928596,0.09441573259746062,0.0718200555745441,0.0629551350863027
1.13,0.14181267756228783,0.09492381360794513,0.07226137867175006,0.06335080659222275
1.1400000000000006,0.14209963022099203,0.09543983427272659,0.07271028485541844,0.06375338985815515
1.1500000000000004,0.1423890764143339,0.09596391215784437,0.07316691022155955,0.06416301281823797
1.1600000000000001,0.1426810104155169,0.09649616725622755,0.07363139428806888,0.064579806723509
1.17,0.14297542621874487,0.09703672203892678,0.07410388009229889,0.0650039062404625
1.1800000000000006,0.1432723175322967,0.09758570150753496,0.07458451429194914,0.06543544955311385
1.1900000000000004,0.14357167777151728,0.09814323324781994,0.07507344726940154,0.0658745784687138
1.2000000000000002,0.14387350005172636,0.0987094474845954,0.07557083323963391,0.0663214385272603
1.21,0.14417777718104488,0.09928447713785295,0.07607683036184877,0.06677617911496324
1.2200000000000006,0.14448450165314108,0.09986845788018203,0.07659160085496247,0.06723895358182379
1.2300000000000004,0.14479366563989599,0.10046152819550147,0.07711531111710439,0.06770991936349849
1.2400000000000002,0.14510526098399074,0.1010638294391295,0.07764813184928383,0.06818923810762571
1.25,0.1454192791914159,0.10167550589921631,0.07819023818338783,0.06867707580480022
1.2600000000000007,0.14573571142390462,0.10229670485956542,0.07874180981468143,0.06917360292439075
1.2700000000000005,0.14605454849129074,0.10292757666386924,0.07930303113898898,0.06967899455540459
1.2800000000000002,0.1463757808437937,0.10356827478138457,0.07987409139474344,0.07019343055261328
1.29,0.1466993985642316,0.10421895587407315,0.08045518481009804,0.07071709568816255
1.3000000000000007,0.147025391360164,0.10487977986523284,0.08104651075530508,0.07125017980890243
1.3100000000000005,0.14735374855596667,0.10555091000964453,0.08164827390057376,0.07179287799968241
1.3200000000000003,0.14768445908484054,0.10623251296526029,0.0822606843796308,0.07234539075287122
1.33,0.14801751148075568,0.10692475886645629,0.08288395795921581,0.07290792414437068
1.3400000000000007,0.14835289387033407,0.1076278213988761,0.0835183162147554,0.07348069001640867
1.3500000000000005,0.14869059396467246,0.10834187787588682,0.0841639867124699,0.07406390616740861
1.3600000000000003,0.14903059905110852,0.10906710931667292,0.08482120319818046,0.07465779654924963
1.37,0.14937289598493222,0.10980370052598869,0.0854902057930937,0.07526259147224454
1.38,0.14971747118104572,0.11055184017559253,0.08617124119685649,0.07587852781818197
1.3900000000000006,0.1500643106055747,0.11131172088738336,0.08686456289818613,0.07650584926179493
1.4000000000000004,0.1504133997674336,0.11208353931825923,0.08757043139339518,0.07714480650103643
1.4100000000000001,0.150764723709849,0.1128674962467177,0.08828911441314657,0.07779565749656381
1.42,0.15111826700184366,0.11366379666121448,0.08902088715778844,0.07845866772085143
1.4300000000000006,0.15147401372968472,0.11447264985029756,0.08976603254163705,0.07913411041737603
1.4400000000000004,0.15183194748830078,0.11529426949453077,0.09052484144659186,0.07982226687033939
1.4500000000000002,0.15219205137267056,0.1161288737602204,0.09129761298548704,0.08052342668542002
1.46,0.15255430796918773,0.11697668539495491,0.09208465477560145,0.08123788808206851
1.4700000000000006,0.15291869934700636,0.11783793182496707,0.09288628322277065,0.08196595819789086
1.4800000000000004,0.15328520704937035,0.11871284525432445,0.0937028238165657,0.08270795340569126
1.4900000000000002,0.15365381208493317,0.11960166276595281,0.0945346114370275,0.08346419964377827
1.5,0.15402449491907078,0.1205046264244919,0.09538199067346649,0.08423503276016851
1.5100000000000007,0.1543972354651939,0.12142198338098245,0.09624531615586604,0.08502079887135812
1.5200000000000005,0.15477201307606425,0.1223539859793777,0.09712495289945196,0.08582185473636772
1.5300000000000002,0.15514880653512053,0.12330089186487073,0.09802127666302127,0.0866385681468066
1.54,0.1555275940478187,0.12426296409402264,0.09893467432164933,0.08747131833374049
1.5500000000000007,0.1559083532329939,0.12524047124667415,0.09986554425442942,0.0883204963921935
1.5600000000000005,0.15629106111424768,0.12623368753961678,0.10081429674792901,0.08918650572415868
1.5700000000000003,0.1566756941113693,0.12724289294199576,0.10178135441608395,0.09006976250104334
1.58,0.15706222803179504,0.12826837329240934,0.10276715263728614,0.0909706961465244
1.5900000000000007,0.15745063806211354,0.12931042041766444,0.10377214000946122,0.09188974984084702
1.6000000000000005,0.15784089875962304,0.1303693322531401,0.10479677882397191,0.09282738104765746
1.6100000000000003,0.15823298404394853,0.1314454129647059,0.10584154555922803,0.09378406206452468
1.62,0.1586268671887248,0.13253897307212958,0.1069069313949268,0.0947602805983704
1.63,0.15902252081335305,0.13365032957390438,0.10799344274789836,0.09575654036710037
1.6400000000000006,0.15941991687483967,0.13477980607341386,0.1091016018305806,0.09677336172880395
1.6500000000000004,0.1598190266597233,0.13592773290634372,0.11023194723320145,0.09781128233996957
1.6600000000000001,0.1602198207760997,0.13709444726923917,0.11138503453080538,0.09887085784425133
1.67,0.16062226914575176,0.13828029334909253,0.11256143691631812,0.09995266259341046
1.6800000000000006,0.16102634099639346,0.13948562245383675,0.11376174586091062,0.10105729040215639
1.6900000000000004,0.16143200485403614,0.1407107931436029,0.11498657180298803,0.1021853553387135
1.7000000000000002,0.16183922853548655,0.14195617136258967,0.11623654486720406,0.1033374925530537
1.71,0.16224797914098504,0.1432221305713718,0.1175123156149722,0.1045143591448507
1.7200000000000006,0.1626582230469939,0.14450905187946272,0.11881455582803009,0.10571663507334123
1.7300000000000004,0.16306992589914432,0.14581732417792423,0.12014395932669393,0.10694502411141255
1.7400000000000002,0.16348305260535323,0.14714734427180068,0.12150124282453396,0.10820025484638235
1.75,0.16389756732911848,0.14849951701212968,0.12288714682129168,0.10948308173008954
1.7600000000000007,0.16431343348300315,0.1498742554272634,0.12430243653596568,0.11079428618108328
1.7700000000000005,0.1647306137223193,0.15127198085320662,0.12574790288209556,0.11213467774187293
1.7800000000000002,0.16514906993902195,0.15269312306265703,0.1272243634873902,0.11350509529439497
1.79,0.1655687632558227,0.15413812039239838,0.12873266375996248,0.11490640833705286
1.8000000000000007,0.16598965402053617,0.15560741986867632,0.13027367800356437,0.1163395183269084
1.8100000000000005,0.16641170180066742,0.15710147733014737,0.13184831058434662,0.11780536009083485
1.8200000000000003,0.1668348653782547,0.1586207575479651,0.13345749715181607,0.11930490330969687
1.83,0.16725910274497643,0.16016573434252482,0.13510220591680897,0.12083915407988874
1.8400000000000007,0.16768437109753512,0.16173689069635533,0.13678343898946532,0.12240915655685625
1.8500000000000005,0.16811062683332983,0.1633347188626018,0.13850223378035706,0.12401599468553683
1.8600000000000003,0.16853782554642932,0.16495972046850363,0.1402596644681077,0.12566079402299132
1.87,0.16896592202385702,0.16661240661321963,0.14205684353702833,0.12734472365885732
1.88,0.16939487024220096,0.1682932979593093,0.1438949233885066,0.12906899823964613
1.8900000000000006,0.16982462336456017,0.17000292481712204,0.1457750980300969,0.13083488010332214
1.9000000000000004,0.17025513373784015,0.17174182722129042,0.14769860484649283,0.13264368153105346
1.9100000000000001,0.17068635289041045,0.17351055499846846,0.14966672645681117,0.13449676712351122
1.92,0.17111823153013558,0.17530966782538435,0.15168079266287002,0.1363955563096145
1.9300000000000006,0.17155071954279338,0.17713973527621807,0.15374218249342791,0.13834152599618807
1.9400000000000004,0.1719837659908919,0.17900133685823677,0.15585232634963922,0.14033621336760654
1.9500000000000002,0.17241731911289962,0.18089506203455025,0.15801270825729768,0.14238121884516336
1.96,0.17285132632289937,0.18282151023276205,0.16022486823176665,0.1444782092166094
1.9700000000000006,0.17328573421068055,0.18478129083821362,0.1624904047618525,0.14662892094708416
1.9800000000000004,0.17372048854228145,0.18677502317042305,0.1648109774192469,0.1488351636834917
1.9900000000000002,0.1741555342609949,0.18880333644122987,0.1671883096005678,0.15109882396528335
2.0,0.17459081548884975,0.1908668696930515,0.16962419140944374,0.15342186915558173
2.0100000000000007,0.17502627552858083,0.19296627171555522,0.17212048268654262,0.1558063516076491
2.0200000000000005,0.17546185686610002,0.19510220093893443,0.17467911619591725,0.15825441308285085
2.0300000000000002,0.1758975011734813,0.1972753253018637,0.17730210097655172,0.16076828943752
2.04,0.1763331493124714,0.19948632209207737,0.17999152586852443,0.16335031559748148
2.0500000000000007,0.17676874133853926,0.20173587775739169,0.18274956322377972,0.1660029308404772
2.0600000000000005,0.1772042165054756,0.20402468768484897,0.18557847281210232,0.16872868440833577
2.0700000000000003,0.17763951327055547,0.2063534559455237,0.18848060593353624,0.1715302414724825
2.08,0.1780745693002744,0.20872289500237254,0.19145840974916412,0.1744103894782837
2.0900000000000007,0.17850932147667115,0.21113372537836123,0.19451443184289366,0.17737204489580033
2.1000000000000005,0.17894370590424688,0.21358667528192996,0.19765132502765806,0.18041826040678488
2.1100000000000003,0.17937765791749316,0.21608248018669476,0.20087185241025374,0.18355223256023026
2.12,0.1798111120890385,0.21862188236209623,0.2041788927298902,0.18677730993146927
2.13,0.18024400223842493,0.2212056303515296,0.20757544598644165,0.19009700182277953
2.1400000000000006,0.18067626144152374,0.22383447839429435,0.2110646393753458,0.19351498754666902
2.1500000000000004,0.1811078220406009,0.22650918578750487,0.21464973354710812,0.1970351263365461
2.16,0.1815386156550415,0.2292305161839012,0.21833412921044212,0.20066146793334935
2.17,0.18196857319274173,0.23199923682128604,0.22212137409919447,0.20439826390094207
2.1800000000000006,0.1823976248621775,0.23481611767910288,0.22601517032439422,0.2082499797277335
2.1900000000000004,0.18282570018515742,0.23768193055744793,0.2300193821340033,0.21222130777708761
2.2,0.18325272801026812,0.24059744807359093,0.23413804410425523,0.21631718115469611
2.21,0.18367863652701846,0.24356344257084528,0.23837536978782095,0.22054278856724815
2.2200000000000006,0.18410335328068994,0.24658068493441052,0.2427357608454756,0.22490359025353063
2.2300000000000004,0.18452680518789816,0.24964994330857446,0.2472238166894096,0.22940533507655847
2.24,0.1849489185528721,0.25277198170944504,0.25184434466787575,0.23405407887358795
2.25,0.18536961908445476,0.25594755852714673,0.25660237082243453,0.23885620416994532
2.2600000000000007,0.18578883191382986,0.2591774249112104,0.2615031512507094,0.24381844137266093
2.2700000000000005,0.1862064816129777,0.2624623230326653,0.26655218410922443,0.24894789157098568
2.2800000000000002,0.18662249221386343,0.26580298421614973,0.2717552222926074,0.2542520510831574
2.29,0.18703678722835887,0.2692001269351598,0.2771182868271458,0.2597388379023656
2.3000000000000007,0.18744928966889976,0.2726544546633929,0.28264768101841453,0.26541662020994
2.3100000000000005,0.18785992206987845,0.2761666535749866,0.2883500053943836,0.27129424714049577
2.3200000000000003,0.188268606509772,0.27973739008633214,0.2942321734870759,0.2773810820023261
2.33,0.18867526463400422,0.2833673082320364,0.3003014284974187,0.28368703817694546
2.3400000000000007,0.18907981767853915,0.28705702686755313,0.30656536088940917,0.29022261794463206
2.3500000000000005,0.18948218649420404,0.2908071366909735,0.3130319269610217,0.29699895450835
2.3600000000000003,0.18988229157173722,0.294618197076497,0.31970946844039955,0.3040278575169041
2.37,0.19028005306755563,0.2984907327121722,0.3266067331566817,0.31132186241991827
2.38,0.19067539083023774,0.30242523003464383,0.33373289683530816,0.31889428402270287
2.3900000000000006,0.19106822442771335,0.3064221334538434,0.3410975860676548,0.32675927464870486
2.4000000000000004,0.19145847317515371,0.31048184136084545,0.3487109025043152,0.3349318873615827
2.41,0.1918460561635533,0.31460470191249146,0.35658344832011574,0.34342814474863737
2.42,0.19223089228899257,0.318791008586838,0.36472635299684375,0.352265113823005
2.4300000000000006,0.1926129002825723,0.32304099550407744,0.37315130146654185,0.36146098766454293
2.4400000000000004,0.19299199874100587,0.32735483250826597,0.38187056365380984,0.3710351744895615
2.45,0.19336810615785893,0.3317326200060326,0.3908970254496167,0.38100839491854255
2.46,0.19374114095542058,0.33617438355939705,0.4002442211413154,0.3914027882998762
2.4700000000000006,0.19411102151719184,0.34068006823097496,0.40992636731357396,0.40224202904787415
2.4800000000000004,0.19447766622097568,0.3452495326811267,0.4199583982222523,0.4135514540663166
2.49,0.1948409934725507,0.3498825430181063,0.43035600262747303,0.42535820245644623
2.5,0.19520092173991077,0.35457876640392766,0.4411356620525258,0.4376913688525336
2.5100000000000007,0.19555736958805128,0.3593377644205695,0.45231469041127925,0.45058217189138916
2.5200000000000005,0.195910255714281,0.36415898620324033,0.4639112749174559,0.4640641395069687
2.5300000000000002,0.19625949898403894,0.3690417613497838,0.4759445181536801,0.4781733129507517
2.54,0.19660501846719325,0.3739852926178863,0.4884344811353754,0.4929484716761716
2.5500000000000007,0.19694673347479794,0.3789886484246083,0.5014022271532379,0.5084313814952508
2.5600000000000005,0.19728456359628402,0.3840507551658721,0.5148698661165358,0.5246670687221737
2.5700000000000003,0.19761842873705823,0.3891703893769344,0.5288605990462975,0.5417041233671952
2.58,0.1979482491564831,0.39434616975851505,0.5433987622804539,0.5595950348409388
2.5900000000000007,0.19827394550621036,0.3995765490972117,0.558509870850098,0.5783965640807724
2.6000000000000005,0.19859543886883943,0.40485980611301964,0.5742206603645343,0.5981701565252606
2.6100000000000003,0.19891265079687076,0.4101940372712581,0.5905591265998543,0.6189824009486662
2.62,0.19922550335192354,0.41557714860090966,0.6075545618180871,0.640905539835039
2.630000000000001,0.19953391914418642,0.4210068475663406,0.6252375866478709,0.6640180377320511
2.6400000000000006,0.19983782137206835,0.4264806350445064,0.6436401761289328,0.6884052148909301
2.6500000000000004,0.20013713386201723,0.4319957974650852,0.6627956782569959,0.7141599544848107
2.66,0.20043178110847082,0.4375493991764056,0.6827388230580157,0.741383492818778
2.67,0.20072168831390616,0.44313827510558085,0.7035057198657817,0.770186303217789
2.6800000000000006,0.20100678142895181,0.4487590237867887,0.725133840069179,0.80068908572088
2.6900000000000004,0.2012869871925258,0.45440800083712435,0.7476619821292603,0.8330238763399133
2.7,0.2015622331719632,0.46008131296481153,0.7711302151360795,0.8673352914763097
2.71,0.20183244780309562,0.46577481259966663,0.795579796575724,0.9037819251454601
2.7199999999999998,0.20209756043024374,0.47148409324051554,0.821053059304975,0.9425379189483334
2.7299999999999995,0.20235750134608535,0.47720448561861,0.8475932619814229,0.9837947272577146
2.740000000000001,0.20261220183135908,0.4829310547798751,0.8752443963700524,1.027763102845951
2.750000000000001,0.20286159419436461,0.4886585981918967,0.9040509440459078,1.0746753311461799
2.7600000000000007,0.2031056118102194,0.4943816449838276,0.9340575740439996,1.1247877444555374
2.7700000000000005,0.20334418915983243,0.5000944564286129,0.9653087719853203,1.1783835505578235
2.7800000000000002,0.20357726186855332,0.5057910277770914,0.997848390155104,1.2357760133030604
2.79,0.20380476674445833,0.5114650915523382,1.0317191069592568,1.2973120253743708
2.8,0.20402664181623034,0.517110122410006,1.06696178318632,1.3633761154055573
2.8099999999999996,0.2042428263705946,0.522719343666221,1.1036147016221836,1.4343949321954508
2.820000000000001,0.20445326098926744,0.5282857355886551,1.1417126758929852,1.5108422471265481
2.830000000000001,0.2046578875853795,0.5338020455386114,1.1812860140653503,1.5932445107662172
2.8400000000000007,0.20485664943933152,0.5392608000422379,1.2223593226626654,1.6821869891772234
2.8500000000000005,0.20504949123404378,0.5446543188571762,1.264950137547176,1.7783204870688758
2.8600000000000003,0.20523635908955862,0.5499747310871202,1.3090673697984903,1.8823686348626858
2.87,0.2054172005969575,0.5552139933807633,1.3547095575572194,1.9951356697897282
2.88,0.2055919648515527,0.5603639102335602,1.4018629191070353,2.11751456997217
2.8899999999999997,0.205760602485316,0.5654161563906606,1.4504992085791502,2.2504952949650363
2.8999999999999995,0.20592306569850624,0.5703623013273837,1.500573383937047,2.395172732643145
2.910000000000001,0.20607930829045829,0.5751938357599099,1.5520211076835158,2.552753732038621
2.920000000000001,0.20622928568949744,0.5799022001136448,1.604756114324232,2.7245622902653754
2.9300000000000006,0.20637295498194327,0.5844788148502937,1.6586674952159293,2.912041527578214
2.9400000000000004,0.2065102749401678,0.5889151125273437,1.713616971035004,3.1167504891957614
2.95,0.20664120604967504,0.5932025714358673,1.7694362444676195,3.3403530110976907
2.96,0.20676571053516749,0.5973327506346927,1.8259245502080692,3.584594833746192
2.9699999999999998,0.20688375238556916,0.6012973261715715,1.8828465448325329,3.851263807004853
2.9799999999999995,0.2069952973779737,0.6050881282555196,1.9399307038704623,4.142126399226178
2.990000000000001,0.2071003131004874,0.6086971791195742,1.9968684150425988,4.458831876953831
3.000000000000001,0.20719876897394,0.612116731290333,2.0533139721184557,4.802773678931382
3.0100000000000007,0.20729063627243516,0.6153393059604447,2.108885679539646,5.1748961448955635
3.0200000000000005,0.20737588814271538,0.6183577311431658,2.1631682698870374,5.575434756698863
3.0300000000000002,0.20745449962231635,0.6211651792748036,2.2157168105326566,6.003580859225647
3.04,0.20752644765648864,0.6237552039217392,2.2660622291436803,6.457069582366915
3.05,0.20759171111386485,0.6261217752441796,2.3137185182001083,6.931705061092245
3.0599999999999996,0.20765027080085188,0.6282593138692089,2.358191586625904,7.420862589139108
3.070000000000001,0.2077021094747308,0.6301627228312615,2.3989896152005334,7.915043796439398
3.080000000000001,0.20774721185544665,0.6318274172490228,2.4356346482072713,8.401604405355346
3.0900000000000007,0.20778556463607428,0.6332493514239594,2.4676750268325653,8.864812457740568
3.1000000000000005,0.20781715649194496,0.6344250430670965,2.4946981530875743,9.286405672205241
3.1100000000000003,0.20784197808842406,0.635351594387094,2.5163429810094726,9.646770747959735
3.12,0.20786002208732796,0.6360267098037373,2.5323115788211177,9.92674322641289
3.13,0.2078712831519734,0.6364487100862446,2.5423791031319483,10.109832445243766
3.1399999999999997,0.2078757579508514,0.6366165427546651,2.5464015807263665,10.18446968944891
3.1499999999999995,0.2078734451599223,0.6365297886245159,2.5443210048213594,10.145756903345358
3.160000000000001,0.20786434546352764,0.6361886644188397,2.5361674131488385,9.99624788293584
3.170000000000001,0.20784846155391895,0.6355940214173552,2.5220578100871176,9.74553799283465
3.1800000000000006,0.20782579812940294,0.634747340158389,2.5021920044557633,9.408781105848322
3.1900000000000004,0.20779636189110626,0.6336507212550274,2.4768456364110896,9.004542336971413
3.2,0.20776016153836416,0.6323068724315246,2.446360840202757,8.552513598960426
3.21,0.20771720776273755,0.63071909192863,2.4111351177373854,8.071546717999738
3.2199999999999998,0.20766751324066868,0.6288912484664263,2.3716090708498854,7.578268143221075
3.2299999999999995,0.20761109262478225,0.6268277579897431,2.3282536553431905,7.0863325532793855
3.240000000000001,0.2075479625338451,0.6245335574536888,2.281557581798574,6.606223167062187
3.250000000000001,0.2074781415413966,0.6220140759347934,2.2320154070833422,6.145437184872906
3.2600000000000007,0.20740165016306436,0.6192752033762933,2.180116750011437,5.708890712425183
3.2700000000000005,0.20731851084258152,0.6163232572939734,2.1263369394070826,5.299409980401164
3.2800000000000002,0.20722874793652366,0.613164947781553,2.0711292764948896,4.918219303642415
3.29,0.20713238769778466,0.6098073411618469,2.014918977152558,4.5653756571545285
3.3,0.20702945825781244,0.60625782263197,1.9580987608285592,4.240128833456681
3.3099999999999996,0.20691998960762684,0.6025240582478492,1.9010259760812371,3.941204524053273
3.320000000000001,0.20680401357764439,0.5986139565856129,1.844021098867752,3.6670175443947968
3.330000000000001,0.20668156381633418,0.5945356304054032,1.7873674076104227,3.415826542822647
3.3400000000000007,0.20655267576773234,0.5902973586272346,1.7313116257778576,3.185842237935233
3.3500000000000005,0.2064173866478427,0.5859075489092989,1.6760653244666803,2.9753001792853784
3.3600000000000003,0.2062757354199531,0.5813747010969975,1.621806890250556,2.7825072686786654
3.37,0.20612776276889777,0.5767073717866682,1.5686838836092751,2.6058694005224
3.38,0.20597351107429693,0.5719141402219258,1.5168156373067296,2.4439058672842635
3.3899999999999997,0.20581302438280666,0.5670035757133766,1.4662959695533408,2.295254740892432
3.4000000000000012,0.20564634837941256,0.5619842067446937,1.4171959117399517,2.158672298972618
3.410000000000001,0.2054735303578017,0.5568644919001698,1.3695663736606105,2.033028687976727
3.420000000000001,0.2052946191898481,0.5516527927213265,1.3234406896718578,1.9173013592679882
3.4300000000000006,0.2051096652942483,0.5463573485734473,1.278837006799505,1.8105673332855372
3.4400000000000004,0.20491872060434405,0.5409862535772197,1.2357604903378439,1.7119950001447937
3.45,0.20472183853516918,0.5355474356364953,1.1942053341366248,1.6208359186776125
3.46,0.20451907394975952,0.5300486375706127,1.1541565718080469,1.536416903357674
3.4699999999999998,0.20431048312476446,0.5244974003390389,1.115591691847004,1.4581325694573182
3.4799999999999995,0.20409612371539937,0.5189010483273697,1.0784820644995117,1.3854384259410515
3.490000000000001,0.20387605471977838,0.5132666766470881,1.0427941914843633,1.3178445518437198
3.500000000000001,0.20365033644266786,0.5076011403869543,1.0084907916912977,1.2549098570957742
3.5100000000000007,0.20341903045870038,0.5019110457414295,0.9755317370267924,1.1962369071139836
3.5200000000000005,0.20318219957508984,0.4962027429312056,0.9438748528969224,1.1414672778243664
3.5300000000000002,0.20293990779388874,0.49048232082246945,0.9134765976038405,1.0902774011903182
3.54,0.20269222027382683,0.48475560314505295,0.884292634350292,1.042374858729455
3.55,0.20243920329177337,0.47902814620486794,0.8562783087218196,0.9974950804887326
3.5599999999999996,0.2021809242038625,0.4733052379829258,0.8293890435471196,0.9553984085255776
3.570000000000001,0.20191745140632206,0.46759189851162125,0.8035806619973134,0.9158674864445377
3.580000000000001,0.20164885429604693,0.4618928814187,0.7788096487285638,0.8787049395152939
3.5900000000000007,0.2013752032309556,0.4562126765302133,0.7550333578375253,0.8437313130535997
3.6000000000000005,0.20109656949017013,0.4505555134257551,0.7322101754118376,0.8107832398933513
3.6100000000000003,0.20081302523405922,0.44492536584206455,0.7102996435338005,0.7797118107987372
3.62,0.20052464346418228,0.4393259568246855,0.6892625517444981,0.7503811244944673
3.63,0.20023149798317302,0.4337607645315441,0.6690610012013201,0.722666996595179
3.6399999999999997,0.19993366335460053,0.4282330285969738,0.6496584460646271,0.696455809080661
3.6500000000000012,0.19963121486284527,0.42274575696974853,0.6310197160268424,0.6716434840931701
3.660000000000001,0.1993242284730257,0.4173017331439751,0.6131110233455132,0.6481345677371445
3.670000000000001,0.19901278079101173,0.4119035237071344,0.5958999572558584,0.6258414112548998
3.6800000000000006,0.19869694902356058,0.4065534861351168,0.5793554682127133,0.6046834384520764
3.6900000000000004,0.19837681093860896,0.4012537767696099,0.5634478440405679,0.5845864895713326
3.7,0.1980524448257545,0.3960063589186827,0.5481486797483133,0.5654822329803587
3.71,0.19772392945696102,0.39081301102678295,0.5334308424867868,0.5473076370675175
3.7199999999999998,0.1973913440475171,0.3856753348655592,0.5192684328872623,0.5300044956411338
3.7299999999999995,0.19705476821728063,0.3805947637019467,0.5056367438130298,0.5135190009212866
3.740000000000001,0.1967142819522386,0.3755725704047425,0.4925122173798855,0.4978013589088638
3.750000000000001,0.19636996556641173,0.37060987545545315,0.47987240095092276,0.482805442527473
3.7600000000000007,0.19602189966413072,0.36570765483347223,0.46769590268298766,0.4684884784698707
3.7700000000000005,0.19567016510271287,0.3608667477496983,0.455962347093703,0.4548107641513589
3.7800000000000002,0.1953148429555643,0.3560878642064208,0.44465233102607543,0.4417354115858856
3.79,0.19495601447573235,0.35137159236479837,0.4337473803104124,0.42922811536391065
3.8,0.19459376105993287,0.34671840570444157,0.4232299073582184,0.41725694223045245
3.8099999999999996,0.19422816421307498,0.3421286699625586,0.41308316986836124,0.4057921400427726
3.820000000000001,0.19385930551330532,0.33760264984278443,0.40329123078038476,0.39480596413457014
3.830000000000001,0.19348726657759194,0.33314051548625384,0.3938389195721913,0.3842725193316412
3.8400000000000007,0.19311212902786842,0.32874234869964203,0.38471179496812263,0.3741676160562368
3.8500000000000005,0.192733974457756,0.32440814893688497,0.37589610909794574,0.3644686391271975
3.8600000000000003,0.1923528843998817,0.3201378390330078,0.36737877312627715,0.3551544280129031
3.87,0.19196894029380876,0.3159312706900474,0.3591473243550837,0.34620516742680024
3.88,0.1915822234545945,0.3117882297164091,0.3511898947882788,0.3376022872727329
3.8899999999999997,0.19119281504199,0.3077084410221749,0.34349518113663713,0.32932837105140905
3.9000000000000012,0.1908007960302952,0.30369157337390235,0.33605241623279264,0.3213670719316829
3.910000000000001,0.19040624717888094,0.29973724391333273,0.32885134181960207,0.31370303577235653
3.920000000000001,0.19000924900338884,0.29584502244514416,0.32188218267025454,0.30632183045306405
3.9300000000000006,0.18960988174762036,0.2920144354995294,0.31513562199504624,0.29920988093772244
3.9400000000000004,0.18920822535612264,0.2882449701758534,0.3086027780872848,0.292354409551754
3.95,0.18880435944748003,0.2845360777740613,0.3022751821593202,0.28574338100582575
3.96,0.1883983632883176,0.28088717722081674,0.2961447573189576,0.27936545174482735
3.9699999999999998,0.1879903157680237,0.27729765829757896,0.29020379863634965,0.27320992324187454
3.9799999999999995,0.1875802953741956,0.2737668846779878,0.28444495425181726,0.26726669889387117
3.990000000000001,0.18716838016881335,0.27029419678202143,0.27886120747576715,0.2615262442080428
4.000000000000001,0.18675464776514428,0.2668789144544324,0.27344585983289915,0.2559795499983298
4.010000000000001,0.18633917530538108,0.26352033947495124,0.2681925150041383,0.25061809833694504
4.0200000000000005,0.1859220394390148,0.260217757907713,0.26309506362117835,0.2454338310301653
4.03,0.18550331630194328,0.25697044229725685,0.2581476688700422,0.24041912040871938
4.04,0.18508308149631514,0.25377765371834254,0.253344752861723,0.23556674224234753
4.05,0.18466141007110803,0.2506386436866803,0.24868098372964365,0.23086985060537138
4.06,0.18423837650344005,0.247552655937507,0.24415126341539548,0.22632195453568962
4.070000000000001,0.18381405468061046,0.24451892807875553,0.23975071610592955,0.22191689634365494
4.080000000000001,0.18338851788286892,0.24153669312537532,0.23547467728709034,0.21764883143997976
4.090000000000001,0.1829618387669064,0.23860518092113875,0.23131868338004602,0.21351220956325936
4.1000000000000005,0.18253408935006585,0.23572361945407402,0.22727846192884485,0.2095017572980974
4.11,0.1821053409952658,0.2328912360714223,0.22334992230889997,0.20561246178417444
4.12,0.181675664396632,0.23010725859980444,0.21952914692777725,0.20183955552512323
4.13,0.18124512956583025,0.2273709163760502,0.21581238289115054,0.19817850221377678
4.14,0.18081380581909348,0.22468144119391623,0.21219603410823273,0.19462498349735993
4.150000000000001,0.18038176176493614,0.22203806817169333,0.20867665381237205,0.1911748866125496
4.160000000000001,0.1799490652925479,0.2194400365454817,0.205250937473829,0.18782429282611526
4.170000000000001,0.17951578356085676,0.21688659039268293,0.20191571608299896,0.18456946662209664
4.180000000000001,0.17908198298825556,0.21437697929005825,0.19866794978356905,0.18140684558128825
4.19,0.1786477292429797,0.21191045891047425,0.19550472183622114,0.17833303090314157
4.2,0.17821308723412846,0.2094862915622615,0.19242323289459007,0.175344778524189
4.21,0.17777812110331873,0.2071037466749087,0.18942079557621427,0.1724389907907255
4.22,0.1773428942169612,0.20476210123462127,0.18649482931219186,0.16961270864679773
4.2299999999999995,0.1769074691591483,0.2024606401730879,0.18364285546017964,0.1668631043015897
4.240000000000001,0.17647190772514285,0.20019865671261552,0.1808624926662455,0.16418747434306277
4.250000000000001,0.1760362709154564,0.19797545267062489,0.17815145246191613,0.16158323326725615
4.260000000000001,0.17560061893050488,0.1957903387263237,0.17550753508352818,0.15904790739496655
4.2700000000000005,0.17516501116583133,0.19364263465222675,0.17292862550174862,0.156579129149679
4.28,0.17472950620788247,0.1915316695130293,0.17041268964980416,0.1541746316725588
4.29,0.17429416183032745,0.1894567818341993,0.16795777083962696,0.15183224375212148
4.3,0.17385903499090716,0.18741731974251458,0.16556198635573663,0.14954988504784464
4.31,0.1734241818288006,0.18541264108063665,0.16322352421726216,0.1473255615885027
4.320000000000001,0.1729896576624964,0.18344211349768888,0.16094064009905334,0.1451573615273997
4.330000000000001,0.17255551698815774,0.1815051145176868,0.15871165440335228,0.14304345113796332
4.340000000000001,0.17212181347846586,0.17960103158754925,0.15653494947397184,0.14098207103433652
4.3500000000000005,0.17168859998193198,0.1777292621063212,0.15440896694540018,0.13897153260270784
4.36,0.17125592852266294,0.1758892134371267,0.1523322052196672,0.13701021463011173
4.37,0.17082385030056882,0.17408030290327892,0.15030321706422345,0.1350965601183667
4.38,0.17039241569199967,0.17230195776988128,0.1483206073244594,0.13322907327167216
4.39,0.16996167425079794,0.17055361521216728,0.14638303074485454,0.13140631664717642
4.400000000000001,0.16953167470975455,0.16883472227174365,0.14448918989308301,0.12962690845855884
4.410000000000001,0.16910246498245635,0.1671447358018276,0.14263783318172166,0.1278895200233476
4.420000000000001,0.16867409216551035,0.16548312240248894,0.14082775298250208,0.12619287334531468
4.430000000000001,0.16824660254113483,0.16384935834685002,0.13905778382833908,0.12453573882387817
4.44,0.16782004158010272,0.162242929499121,0.1373268006986227,0.1229169330829703
4.45,0.16739445394502614,0.16066333122529464,0.13563371738351926,0.12133531691233178
4.46,0.16696988349396888,0.15911006829726326,0.1339774849232575,0.11978979331465367
4.47,0.16654637328437558,0.15758265479106973,0.1323570901185992,0.11827930565241597
4.4799999999999995,0.16612396557730458,0.15608061397995168,0.13077155410890262,0.11680283588867044
4.490000000000001,0.16570270184195346,0.1546034782227916,0.1292199310143821,0.11535940291638339
4.500000000000001,0.1652826227604651,0.15315078884854263,0.12770130663935494,0.11394806097130022
4.510000000000001,0.16486376823300197,0.15172209603715212,0.12621479723343562,0.11256789812360733
4.5200000000000005,0.16444617738307857,0.150316958697476,0.12475954830780991,0.11121803484397183
4.53,0.16402988856313958,0.14893494434263035,0.12333473350386838,0.1098976226398089
4.54,0.16361493936037316,0.1475756289631984,0.12193955351162923,0.10860584275788816
4.55,0.1632013666027482,0.14623859689867622,0.12057323503551641,0.10734190494962867
4.56,0.16278920636526478,0.14492344070751245,0.11923502980518891,0.10610504629565685
4.570000000000001,0.16237849397640738,0.143629761036067,0.11792421362923897,0.10489453008640916
4.580000000000001,0.1619692640247908,0.1423571664867905,0.11664008548969454,0.10370964475575747
4.590000000000001,0.1615615503659873,0.14110527348589613,0.11538196667536414,0.10254970286481359
4.6000000000000005,0.16115538612952668,0.13987370615078135,0.11414919995217404,0.10141404013324394
4.61,0.16075080372605863,0.13866209615742697,0.11294114876873597,0.10030201451557941
4.62,0.1603478348546675,0.13747008260798635,0.11175719649547976,0.09921300532015541
4.63,0.15994651051033074,0.13629731189875707,0.11059674569577031,0.09814641236845649
4.64,0.15954686099151155,0.13514343758871095,0.10945921742750984,0.09710165519276728
4.650000000000001,0.15914891590787703,0.13400812026874107,0.10834405057380307,0.09607817227015543
4.660000000000001,0.15875270418813275,0.13289102743177197,0.10725070120133737,0.09507542029092413
4.670000000000001,0.1583582540879652,0.13179183334386022,0.10617864194519401,0.09409287345977724
4.680000000000001,0.15796559319808448,0.13071021891640675,0.10512736141887916,0.09313002282804354
4.69,0.15757474845235844,0.12964587157958435,0.10409636364841685,0.09218637565539566
4.7,0.15718574613603054,0.1285984851570751,0.10308516752940906,0.09126145479958979
4.71,0.15679861189401412,0.1275677597422018,0.10209330630602154,0.09035479813283315
4.72,0.15641337073925524,0.12655340157552866,0.10112032707090511,0.08946595798346432
4.7299999999999995,0.15603004706115708,0.12555512292399584,0.10016579028511279,0.08859450060170314
4.740000000000001,0.15564866463405877,0.12457264196164615,0.09922926931711816,0.0877400056482953
4.750000000000001,0.15526924662576208,0.12360568265199379,0.09831035000008617,0.08690206570494206
4.760000000000001,0.15489181560609877,0.12265397463207639,0.09740863020658526,0.0860802858054615
4.7700000000000005,0.1545163935555332,0.12171725309822927,0.0965237194399758,0.08527428298669068
4.78,0.15414300187379293,0.12079525869361078,0.09565523844174001,0.08448368585818546
4.79,0.1537716613885223,0.11988773739750327,0.09480281881405861,0.08370813418982746
4.8,0.15340239236395237,0.1189944404164109,0.09396610265697142,0.08294727851649523
4.81,0.15303521450958216,0.11811512407696828,0.09314474221949047,0.08220077975899921
4.820000000000001,0.1526701469888659,0.11724954972067146,0.09233839956406516,0.0814683088605234
4.830000000000001,0.15230720842790063,0.11639748360043885,0.09154674624382772,0.08074954643785631
4.840000000000001,0.15194641692410912,0.11555869677900336,0.09076946299207204,0.08004418244672785
4.8500000000000005,0.15158779005491432,0.11473296502913886,0.09000623942344832,0.07935191586060929
4.86,0.15123134488639925,0.11392006873571615,0.0892567737463775,0.07867245436236066
4.87,0.1508770979819488,0.11311979279958341,0.08852077248621307,0.07800551404814546
4.88,0.15052506541086924,0.11233192654326335,0.08779795021870093,0.07735081914305932
4.89,0.15017526275698068,0.1115562636184565,0.08708802931330757,0.0767081017279485
4.900000000000001,0.14982770512717886,0.1107926019153386,0.08639073968600706,0.07607710147691986
4.910000000000001,0.1494824071599634,0.11004074347363839,0.08570581856113703,0.07545756540506907
4.920000000000001,0.14913938303392682,0.10930049439547845,0.08503301024194891,0.07484924762597561
4.930000000000001,0.1487986464762034,0.10857166475996423,0.08437206588949903,0.07425190911853868
4.94,0.14846021077087254,0.10785406853950107,0.08372274330953905,0.07366531750274546
4.95,0.1481240887673151,0.10714752351781992,0.08308480674708195,0.07308924682398522
4.96,0.14779029288851814,0.1064518512096915,0.08245802668833384,0.07252347734554074
4.97,0.14745883513932703,0.10576687678230667,0.08184217966969533,0.07196779534890639
4.9799999999999995,0.1471297271146406,0.10509242897830105,0.08123704809354991,0.07142199294159918
4.990000000000001,0.146802980007548,0.10442834004040047,0.08064242005056899,0.07088586787214465
5.000000000000001,0.14647860461740417,0.10377444563766447,0.08005808914827565,0.07035922335193544
5.010000000000001,0.14615661135784203,0.10313058479330171,0.07948385434561898,0.06984186788367248
5.0200000000000005,0.14583701026471876,0.10249659981403543,0.0789195197933245,0.06933361509611606
5.03,0.14551981100399505,0.10187233622099191,0.07836489467979389,0.06883428358488292
5.04,0.14520502287954445,0.1012576426820879,0.07781979308233797,0.06834369675904008
5.05,0.1448926548408916,0.10065237094589113,0.0772840338235364,0.06786168269325726
5.06,0.14458271549087762,0.10005637577692908,0.07675744033252656,0.06738807398529015
5.070000000000001,0.14427521309325095,0.09946951489241973,0.07623984051103187,0.06692270761857753
5.080000000000001,0.1439701555801827,0.09889164890039955,0.07573106660394904,0.06646542482974609
5.090000000000001,0.14366755055970384,0.09832264123922206,0.07523095507431928,0.0660160709808235
5.1000000000000005,0.14336740532306513,0.09776235811840271,0.07473934648251926,0.06557449543597298
5.11,0.14306972685201674,0.09721066846078417,0.07425608536951124,0.06514055144256767
5.12,0.1427745218260073,0.09666744384599636,0.07378102014400048,0.06471409601643338
5.13,0.14248179662930174,0.09613255845518685,0.07331400297335361,0.06429498983109469
5.14,0.14219155735801656,0.09560588901699639,0.0728548896781383,0.06388309711086759
5.150000000000001,0.14190380982707154,0.09508731475475458,0.07240353963014949,0.06347828552764775
5.160000000000001,0.1416185595770585,0.09457671733487247,0.0719598156537945,0.06308042610125184
5.170000000000001,0.14133581188102448,0.09407398081640565,0.07152358393071218,0.06268939310317244
5.180000000000001,0.14105557175117078,0.09357899160176664,0.0710947139075095,0.06230506396361752
5.19,0.14077784394546616,0.09309163838856079,0.07067307820650093,0.06192731918170675
5.2,0.1405026329741742,0.0926118121225237,0.07025855253934232,0.06155604223870529
5.21,0.1402299431062946,0.09213940595153648,0.06985101562345462,0.061191119514179416
5.22,0.1399597783759182,0.09167431518069649,0.06945034910113743,0.060832440204963964
5.2299999999999995,0.13969214258849488,0.09121643722842132,0.069056437461276,0.06047989624683578
5.240000000000001,0.13942703932701533,0.09076567158356373,0.06866916796354947,0.06013338223879205
5.250000000000001,0.13916447195810602,0.09032191976351653,0.06828843056505204,0.05979279536983704
5.260000000000001,0.13890444363803656,0.08988508527328522,0.0679141178492408,0.05945803534818339
5.2700000000000005,0.13864695731864124,0.0894550735655085,0.06754612495713021,0.059129004332780476
5.28,0.13839201575315338,0.08903179200140555,0.06718434952065311,0.05880560686708323
5.29,0.13813962150195322,0.08861514981263019,0.06682869159811394,0.05848774981498071
5.3,0.1378897769382296,0.08820505806401165,0.06647905361166097,0.05817534229880525
